,,Nella Louise Domenici,Total Votes Cast,Total Ballots Cast
,,Republican,,
State,New Mexico,79809,79809,79809
County,Bernalillo,21600,21600,21600
Precinct,1,24,24,24
Precinct,2,61,61,61
Precinct,3,34,34,34
Precinct,4,57,57,57
Precinct,5,23,23,23
Precinct,6,46,46,46
Precinct,7,32,32,32
Precinct,8,20,20,20
Precinct,9,50,50,50
Precinct,10,41,41,41
Precinct,11,26,26,26
Precinct,12,33,33,33
Precinct,13,44,44,44
Precinct,14,47,47,47
Precinct,15,57,57,57
Precinct,16,24,24,24
Precinct,17,42,42,42
Precinct,18,37,37,37
Precinct,19,70,70,70
Precinct,20,55,55,55
Precinct,21,23,23,23
Precinct,22,26,26,26
Precinct,23,28,28,28
Precinct,24,42,42,42
Precinct,25,40,40,40
Precinct,26,38,38,38
Precinct,27,29,29,29
Precinct,28,24,24,24
Precinct,29,24,24,24
Precinct,30,52,52,52
Precinct,31,25,25,25
Precinct,32,9,9,9
Precinct,33,6,6,6
Precinct,34,14,14,14
Precinct,35,21,21,21
Precinct,36,33,33,33
Precinct,37,17,17,17
Precinct,38,16,16,16
Precinct,39,23,23,23
Precinct,40,23,23,23
Precinct,41,16,16,16
Precinct,42,23,23,23
Precinct,43,7,7,7
Precinct,44,*,0,0
Precinct,45,31,31,31
Precinct,46,26,26,26
Precinct,47,15,15,15
Precinct,48,*,*,5
Precinct,49,*,0,0
Precinct,50,10,10,10
Precinct,51,14,14,14
Precinct,52,31,31,31
Precinct,53,24,24,24
Precinct,54,17,17,17
Precinct,55,8,8,8
Precinct,56,14,14,14
Precinct,57,102,102,102
Precinct,58,*,0,0
Precinct,59,20,20,20
Precinct,60,17,17,17
Precinct,61,20,20,20
Precinct,62,13,13,13
Precinct,63,*,*,5
Precinct,64,12,12,12
Precinct,65,27,27,27
Precinct,66,32,32,32
Precinct,67,12,12,12
Precinct,68,22,22,22
Precinct,69,35,35,35
Precinct,70,30,30,30
Precinct,71,34,34,34
Precinct,72,7,7,7
Precinct,73,25,25,25
Precinct,74,31,31,31
Precinct,75,9,9,9
Precinct,76,24,24,24
Precinct,77,22,22,22
Precinct,78,27,27,27
Precinct,79,40,40,40
Precinct,80,38,38,38
Precinct,81,38,38,38
Precinct,82,55,55,55
Precinct,83,31,31,31
Precinct,84,49,49,49
Precinct,85,59,59,59
Precinct,86,51,51,51
Precinct,87,28,28,28
Precinct,88,*,0,0
Precinct,89,20,20,20
Precinct,90,18,18,18
Precinct,91,46,46,46
Precinct,92,56,56,56
Precinct,93,19,19,19
Precinct,94,7,7,7
Precinct,95,6,6,6
Precinct,96,56,56,56
Precinct,97,33,33,33
Precinct,98,11,11,11
Precinct,99,34,34,34
Precinct,100,47,47,47
Precinct,101,*,*,5
Precinct,102,6,6,6
Precinct,103,*,0,0
Precinct,104,*,0,0
Precinct,105,*,*,5
Precinct,106,*,*,5
Precinct,107,9,9,9
Precinct,108,28,28,28
Precinct,109,*,0,0
Precinct,110,57,57,57
Precinct,111,20,20,20
Precinct,112,37,37,37
Precinct,113,77,77,77
Precinct,114,76,76,76
Precinct,115,30,30,30
Precinct,116,65,65,65
Precinct,117,41,41,41
Precinct,118,47,47,47
Precinct,119,12,12,12
Precinct,120,36,36,36
Precinct,121,16,16,16
Precinct,122,*,0,0
Precinct,123,14,14,14
Precinct,124,*,*,5
Precinct,125,7,7,7
Precinct,126,23,23,23
Precinct,127,14,14,14
Precinct,128,47,47,47
Precinct,129,37,37,37
Precinct,130,24,24,24
Precinct,131,7,7,7
Precinct,132,10,10,10
Precinct,133,6,6,6
Precinct,134,30,30,30
Precinct,135,*,*,5
Precinct,136,9,9,9
Precinct,137,25,25,25
Precinct,138,9,9,9
Precinct,139,19,19,19
Precinct,140,11,11,11
Precinct,141,21,21,21
Precinct,142,13,13,13
Precinct,143,12,12,12
Precinct,144,20,20,20
Precinct,145,26,26,26
Precinct,146,23,23,23
Precinct,147,*,0,0
Precinct,148,14,14,14
Precinct,149,14,14,14
Precinct,150,16,16,16
Precinct,151,20,20,20
Precinct,152,20,20,20
Precinct,153,30,30,30
Precinct,154,16,16,16
Precinct,155,42,42,42
Precinct,156,36,36,36
Precinct,157,37,37,37
Precinct,158,28,28,28
Precinct,159,28,28,28
Precinct,160,66,66,66
Precinct,161,*,0,0
Precinct,162,14,14,14
Precinct,163,19,19,19
Precinct,164,18,18,18
Precinct,165,9,9,9
Precinct,166,*,0,0
Precinct,167,46,46,46
Precinct,168,25,25,25
Precinct,169,48,48,48
Precinct,170,15,15,15
Precinct,171,24,24,24
Precinct,172,36,36,36
Precinct,173,18,18,18
Precinct,174,46,46,46
Precinct,175,49,49,49
Precinct,176,39,39,39
Precinct,177,49,49,49
Precinct,178,41,41,41
Precinct,179,41,41,41
Precinct,180,14,14,14
Precinct,181,19,19,19
Precinct,182,27,27,27
Precinct,183,24,24,24
Precinct,184,39,39,39
Precinct,185,38,38,38
Precinct,186,11,11,11
Precinct,187,15,15,15
Precinct,188,8,8,8
Precinct,189,35,35,35
Precinct,190,16,16,16
Precinct,191,27,27,27
Precinct,192,19,19,19
Precinct,193,26,26,26
Precinct,194,27,27,27
Precinct,195,11,11,11
Precinct,196,11,11,11
Precinct,197,10,10,10
Precinct,198,12,12,12
Precinct,199,19,19,19
Precinct,200,37,37,37
Precinct,201,57,57,57
Precinct,202,39,39,39
Precinct,203,39,39,39
Precinct,204,40,40,40
Precinct,205,71,71,71
Precinct,206,48,48,48
Precinct,207,40,40,40
Precinct,208,29,29,29
Precinct,209,49,49,49
Precinct,210,48,48,48
Precinct,211,*,0,0
Precinct,212,10,10,10
Precinct,213,20,20,20
Precinct,214,10,10,10
Precinct,215,*,0,0
Precinct,216,8,8,8
Precinct,217,39,39,39
Precinct,218,58,58,58
Precinct,219,33,33,33
Precinct,220,56,56,56
Precinct,221,11,11,11
Precinct,222,31,31,31
Precinct,223,*,0,0
Precinct,224,*,*,5
Precinct,225,*,0,0
Precinct,226,*,0,0
Precinct,227,46,46,46
Precinct,228,28,28,28
Precinct,229,63,63,63
Precinct,230,54,54,54
Precinct,231,37,37,37
Precinct,232,31,31,31
Precinct,233,6,6,6
Precinct,234,22,22,22
Precinct,235,11,11,11
Precinct,236,11,11,11
Precinct,237,15,15,15
Precinct,238,19,19,19
Precinct,239,9,9,9
Precinct,240,36,36,36
Precinct,241,11,11,11
Precinct,242,*,0,0
Precinct,243,*,*,5
Precinct,244,9,9,9
Precinct,245,*,*,5
Precinct,246,*,0,0
Precinct,247,12,12,12
Precinct,248,15,15,15
Precinct,249,45,45,45
Precinct,250,26,26,26
Precinct,251,7,7,7
Precinct,252,10,10,10
Precinct,253,16,16,16
Precinct,254,15,15,15
Precinct,255,20,20,20
Precinct,256,7,7,7
Precinct,257,8,8,8
Precinct,258,*,*,5
Precinct,259,11,11,11
Precinct,260,27,27,27
Precinct,261,29,29,29
Precinct,262,12,12,12
Precinct,263,23,23,23
Precinct,264,36,36,36
Precinct,265,12,12,12
Precinct,266,*,0,0
Precinct,267,14,14,14
Precinct,268,6,6,6
Precinct,269,6,6,6
Precinct,270,18,18,18
Precinct,271,20,20,20
Precinct,272,15,15,15
Precinct,273,22,22,22
Precinct,274,7,7,7
Precinct,275,7,7,7
Precinct,276,27,27,27
Precinct,277,30,30,30
Precinct,278,29,29,29
Precinct,279,15,15,15
Precinct,280,7,7,7
Precinct,281,10,10,10
Precinct,282,29,29,29
Precinct,283,11,11,11
Precinct,284,25,25,25
Precinct,285,20,20,20
Precinct,286,*,0,0
Precinct,287,11,11,11
Precinct,288,33,33,33
Precinct,289,22,22,22
Precinct,290,43,43,43
Precinct,291,39,39,39
Precinct,292,20,20,20
Precinct,293,21,21,21
Precinct,294,95,95,95
Precinct,295,57,57,57
Precinct,296,21,21,21
Precinct,297,37,37,37
Precinct,298,27,27,27
Precinct,299,11,11,11
Precinct,300,28,28,28
Precinct,301,49,49,49
Precinct,302,55,55,55
Precinct,303,17,17,17
Precinct,304,37,37,37
Precinct,305,38,38,38
Precinct,306,27,27,27
Precinct,307,50,50,50
Precinct,308,57,57,57
Precinct,309,58,58,58
Precinct,310,42,42,42
Precinct,311,21,21,21
Precinct,312,20,20,20
Precinct,313,10,10,10
Precinct,314,25,25,25
Precinct,315,21,21,21
Precinct,316,42,42,42
Precinct,317,18,18,18
Precinct,318,14,14,14
Precinct,319,43,43,43
Precinct,320,71,71,71
Precinct,321,9,9,9
Precinct,322,10,10,10
Precinct,323,11,11,11
Precinct,324,42,42,42
Precinct,325,74,74,74
Precinct,326,13,13,13
Precinct,327,8,8,8
Precinct,328,31,31,31
Precinct,329,19,19,19
Precinct,330,9,9,9
Precinct,331,8,8,8
Precinct,332,37,37,37
Precinct,333,44,44,44
Precinct,334,76,76,76
Precinct,335,18,18,18
Precinct,336,12,12,12
Precinct,337,*,0,0
Precinct,338,21,21,21
Precinct,339,68,68,68
Precinct,340,31,31,31
Precinct,341,15,15,15
Precinct,342,*,0,0
Precinct,343,9,9,9
Precinct,344,29,29,29
Precinct,345,*,0,0
Precinct,346,21,21,21
Precinct,347,18,18,18
Precinct,348,38,38,38
Precinct,349,42,42,42
Precinct,350,54,54,54
Precinct,351,9,9,9
Precinct,352,13,13,13
Precinct,353,*,0,0
Precinct,354,15,15,15
Precinct,355,*,0,0
Precinct,356,8,8,8
Precinct,357,13,13,13
Precinct,358,*,0,0
Precinct,359,18,18,18
Precinct,360,77,77,77
Precinct,361,73,73,73
Precinct,362,50,50,50
Precinct,363,*,0,0
Precinct,364,44,44,44
Precinct,365,81,81,81
Precinct,366,15,15,15
Precinct,367,6,6,6
Precinct,368,42,42,42
Precinct,369,39,39,39
Precinct,370,16,16,16
Precinct,371,36,36,36
Precinct,372,14,14,14
Precinct,373,16,16,16
Precinct,374,17,17,17
Precinct,375,13,13,13
Precinct,376,15,15,15
Precinct,377,32,32,32
Precinct,378,*,0,0
Precinct,379,*,0,0
Precinct,380,33,33,33
Precinct,381,6,6,6
Precinct,382,15,15,15
Precinct,383,9,9,9
Precinct,384,33,33,33
Precinct,385,18,18,18
Precinct,386,6,6,6
Precinct,387,12,12,12
Precinct,388,69,69,69
Precinct,389,16,16,16
Precinct,390,80,80,80
Precinct,391,36,36,36
Precinct,392,63,63,63
Precinct,393,40,40,40
Precinct,394,40,40,40
Precinct,395,39,39,39
Precinct,396,48,48,48
Precinct,397,39,39,39
Precinct,398,56,56,56
Precinct,399,31,31,31
Precinct,400,24,24,24
Precinct,401,25,25,25
Precinct,402,55,55,55
Precinct,403,15,15,15
Precinct,404,42,42,42
Precinct,405,16,16,16
Precinct,406,22,22,22
Precinct,407,43,43,43
Precinct,408,66,66,66
Precinct,409,12,12,12
Precinct,410,59,59,59
Precinct,411,8,8,8
Precinct,412,17,17,17
Precinct,413,25,25,25
Precinct,414,26,26,26
Precinct,415,18,18,18
Precinct,416,26,26,26
Precinct,417,18,18,18
Precinct,418,61,61,61
Precinct,419,51,51,51
Precinct,420,42,42,42
Precinct,421,69,69,69
Precinct,422,52,52,52
Precinct,423,46,46,46
Precinct,424,32,32,32
Precinct,425,73,73,73
Precinct,426,69,69,69
Precinct,427,92,92,92
Precinct,428,52,52,52
Precinct,429,58,58,58
Precinct,430,68,68,68
Precinct,431,28,28,28
Precinct,432,17,17,17
Precinct,433,14,14,14
Precinct,434,17,17,17
Precinct,435,36,36,36
Precinct,436,24,24,24
Precinct,437,18,18,18
Precinct,438,*,0,0
Precinct,439,34,34,34
Precinct,440,14,14,14
Precinct,441,19,19,19
Precinct,442,12,12,12
Precinct,443,25,25,25
Precinct,444,23,23,23
Precinct,445,27,27,27
Precinct,446,28,28,28
Precinct,447,90,90,90
Precinct,448,26,26,26
Precinct,449,19,19,19
Precinct,450,59,59,59
Precinct,451,22,22,22
Precinct,452,30,30,30
Precinct,453,25,25,25
Precinct,454,30,30,30
Precinct,455,16,16,16
Precinct,456,53,53,53
Precinct,457,77,77,77
Precinct,458,50,50,50
Precinct,459,35,35,35
Precinct,460,81,81,81
Precinct,461,21,21,21
Precinct,462,17,17,17
Precinct,463,31,31,31
Precinct,464,28,28,28
Precinct,465,9,9,9
Precinct,466,42,42,42
Precinct,467,41,41,41
Precinct,468,75,75,75
Precinct,469,126,126,126
Precinct,470,59,59,59
Precinct,471,37,37,37
Precinct,472,26,26,26
Precinct,473,20,20,20
Precinct,474,26,26,26
Precinct,475,28,28,28
Precinct,476,52,52,52
Precinct,477,9,9,9
Precinct,478,33,33,33
Precinct,479,82,82,82
Precinct,480,46,46,46
Precinct,481,16,16,16
Precinct,482,79,79,79
Precinct,483,46,46,46
Precinct,484,30,30,30
Precinct,485,80,80,80
Precinct,486,44,44,44
Precinct,487,70,70,70
Precinct,488,70,70,70
Precinct,489,27,27,27
Precinct,490,93,93,93
Precinct,491,38,38,38
Precinct,492,32,32,32
Precinct,493,45,45,45
Precinct,494,45,45,45
Precinct,495,41,41,41
Precinct,496,39,39,39
Precinct,497,49,49,49
Precinct,498,40,40,40
Precinct,499,45,45,45
Precinct,500,71,71,71
Precinct,501,88,88,88
Precinct,502,31,31,31
Precinct,503,21,21,21
Precinct,504,18,18,18
Precinct,505,29,29,29
Precinct,506,36,36,36
Precinct,507,32,32,32
Precinct,508,36,36,36
Precinct,509,27,27,27
Precinct,510,41,41,41
Precinct,511,59,59,59
Precinct,512,27,27,27
Precinct,513,32,32,32
Precinct,514,61,61,61
Precinct,515,40,40,40
Precinct,516,46,46,46
Precinct,517,58,58,58
Precinct,518,25,25,25
Precinct,519,27,27,27
Precinct,520,29,29,29
Precinct,521,71,71,71
Precinct,522,30,30,30
Precinct,523,64,64,64
Precinct,524,29,29,29
Precinct,525,39,39,39
Precinct,526,70,70,70
Precinct,527,26,26,26
Precinct,528,28,28,28
Precinct,529,26,26,26
Precinct,530,53,53,53
Precinct,531,16,16,16
Precinct,532,39,39,39
Precinct,533,30,30,30
Precinct,534,53,53,53
Precinct,535,26,26,26
Precinct,536,20,20,20
Precinct,537,60,60,60
Precinct,538,27,27,27
Precinct,539,69,69,69
Precinct,540,22,22,22
Precinct,541,157,157,157
Precinct,542,34,34,34
Precinct,543,34,34,34
Precinct,544,43,43,43
Precinct,545,45,45,45
Precinct,546,63,63,63
Precinct,547,45,45,45
Precinct,548,39,39,39
Precinct,549,59,59,59
Precinct,550,45,45,45
Precinct,551,16,16,16
Precinct,552,56,56,56
Precinct,553,80,80,80
Precinct,554,38,38,38
Precinct,555,38,38,38
Precinct,556,60,60,60
Precinct,557,72,72,72
Precinct,558,47,47,47
Precinct,559,39,39,39
Precinct,560,93,93,93
Precinct,561,40,40,40
Precinct,562,49,49,49
Precinct,563,59,59,59
Precinct,564,54,54,54
Precinct,565,68,68,68
Precinct,566,97,97,97
Precinct,567,32,32,32
Precinct,568,78,78,78
Precinct,569,77,77,77
Precinct,570,31,31,31
Precinct,571,57,57,57
Precinct,572,47,47,47
Precinct,573,31,31,31
Precinct,574,47,47,47
Precinct,575,117,117,117
Precinct,576,65,65,65
Precinct,577,90,90,90
Precinct,578,47,47,47
Precinct,579,65,65,65
Precinct,580,56,56,56
Precinct,581,13,13,13
Precinct,582,31,31,31
Precinct,583,56,56,56
Precinct,584,64,64,64
Precinct,585,67,67,67
Precinct,586,62,62,62
Precinct,587,34,34,34
Precinct,588,101,101,101
Precinct,589,29,29,29
Precinct,590,65,65,65
Precinct,591,*,0,0
Precinct,592,76,76,76
Precinct,593,53,53,53
Precinct,594,98,98,98
Precinct,595,88,88,88
Precinct,596,52,52,52
Precinct,597,96,96,96
Precinct,598,68,68,68
Precinct,599,23,23,23
Precinct,600,*,0,0
Precinct,601,58,58,58
Precinct,602,61,61,61
Precinct,603,76,76,76
Precinct,604,*,0,0
Precinct,605,18,18,18
Precinct,606,34,34,34
Precinct,607,26,26,26
Precinct,608,102,102,102
Precinct,609,19,19,19
Precinct,610,32,32,32
Precinct,611,34,34,34
Precinct,612,26,26,26
Precinct,613,*,0,0
Precinct,614,35,35,35
Precinct,615,40,40,40
Precinct,616,18,18,18
Precinct,617,17,17,17
Precinct,618,21,21,21
Precinct,619,*,0,0
Precinct,620,*,0,0
Precinct,621,22,22,22
Precinct,622,32,32,32
Precinct,623,58,58,58
Precinct,624,28,28,28
Precinct,625,27,27,27
Precinct,626,33,33,33
Precinct,627,6,6,6
Precinct,628,14,14,14
Precinct,629,16,16,16
Precinct,630,20,20,20
Precinct,631,8,8,8
Precinct,632,18,18,18
Precinct,633,15,15,15
Precinct,634,15,15,15
Precinct,635,27,27,27
Precinct,636,30,30,30
Precinct,637,38,38,38
Precinct,638,16,16,16
Precinct,639,27,27,27
Precinct,640,9,9,9
Precinct,641,10,10,10
Precinct,642,6,6,6
Precinct,643,30,30,30
Precinct,644,30,30,30
Precinct,645,17,17,17
Precinct,646,12,12,12
Precinct,647,23,23,23
Precinct,648,51,51,51
Precinct,649,36,36,36
Precinct,650,22,22,22
Precinct,651,47,47,47
Precinct,652,9,9,9
Precinct,653,*,0,0
Precinct,654,15,15,15
Precinct,655,12,12,12
Precinct,656,28,28,28
Precinct,657,25,25,25
Precinct,658,13,13,13
Precinct,659,34,34,34
Precinct,660,10,10,10
Precinct,661,31,31,31
Precinct,662,32,32,32
Precinct,663,18,18,18
Precinct,664,14,14,14
Precinct,665,42,42,42
Precinct,666,20,20,20
Precinct,667,54,54,54
Precinct,668,22,22,22
Precinct,669,12,12,12
Precinct,670,37,37,37
Precinct,671,13,13,13
Precinct,672,26,26,26
Precinct,673,21,21,21
Precinct,674,34,34,34
Precinct,675,33,33,33
Precinct,676,34,34,34
Precinct,677,15,15,15
Precinct,678,19,19,19
Precinct,679,27,27,27
Precinct,680,34,34,34
Precinct,681,37,37,37
Precinct,682,45,45,45
Precinct,683,26,26,26
Precinct,684,40,40,40
Precinct,685,20,20,20
Precinct,686,25,25,25
Precinct,687,7,7,7
Precinct,Voter Privacy,76,76,76
County,Catron,439,439,439
Precinct,1,71,71,71
Precinct,2,85,85,85
Precinct,3,57,57,57
Precinct,4,53,53,53
Precinct,5,50,50,50
Precinct,6,27,27,27
Precinct,7,53,53,53
Precinct,8,31,31,31
Precinct,9,12,12,12
Precinct,Voter Privacy,0,0,0
County,Chaves,4765,4765,4765
Precinct,1,119,119,119
Precinct,2,102,102,102
Precinct,3,97,97,97
Precinct,4,87,87,87
Precinct,5,169,169,169
Precinct,6,100,100,100
Precinct,7,172,172,172
Precinct,8,173,173,173
Precinct,9,96,96,96
Precinct,10,242,242,242
Precinct,11,113,113,113
Precinct,12,152,152,152
Precinct,13,77,77,77
Precinct,14,74,74,74
Precinct,15,51,51,51
Precinct,16,88,88,88
Precinct,17,153,153,153
Precinct,18,91,91,91
Precinct,20,118,118,118
Precinct,21,184,184,184
Precinct,22,107,107,107
Precinct,23,41,41,41
Precinct,24,29,29,29
Precinct,25,35,35,35
Precinct,31,56,56,56
Precinct,32,14,14,14
Precinct,33,39,39,39
Precinct,34,24,24,24
Precinct,35,50,50,50
Precinct,36,157,157,157
Precinct,40,90,90,90
Precinct,41,110,110,110
Precinct,42,22,22,22
Precinct,43,28,28,28
Precinct,44,18,18,18
Precinct,45,*,0,0
Precinct,46,25,25,25
Precinct,47,*,0,0
Precinct,51,13,13,13
Precinct,52,70,70,70
Precinct,61,6,6,6
Precinct,62,10,10,10
Precinct,63,34,34,34
Precinct,64,16,16,16
Precinct,71,115,115,115
Precinct,72,51,51,51
Precinct,73,65,65,65
Precinct,74,31,31,31
Precinct,81,32,32,32
Precinct,82,46,46,46
Precinct,83,42,42,42
Precinct,84,75,75,75
Precinct,85,62,62,62
Precinct,90,27,27,27
Precinct,91,84,84,84
Precinct,92,57,57,57
Precinct,93,100,100,100
Precinct,94,32,32,32
Precinct,95,10,10,10
Precinct,101,118,118,118
Precinct,102,93,93,93
Precinct,103,57,57,57
Precinct,104,33,33,33
Precinct,105,56,56,56
Precinct,106,70,70,70
Precinct,Voter Privacy,*,*,4
County,Cibola,824,824,824
Precinct,1,28,28,28
Precinct,2,16,16,16
Precinct,3,12,12,12
Precinct,4,60,60,60
Precinct,5,22,22,22
Precinct,6,29,29,29
Precinct,7,48,48,48
Precinct,8,35,35,35
Precinct,9,32,32,32
Precinct,10,55,55,55
Precinct,11,58,58,58
Precinct,12,35,35,35
Precinct,13,30,30,30
Precinct,14,54,54,54
Precinct,15,68,68,68
Precinct,16,40,40,40
Precinct,17,7,7,7
Precinct,18,7,7,7
Precinct,19,53,53,53
Precinct,20,17,17,17
Precinct,21,9,9,9
Precinct,22,14,14,14
Precinct,23,*,0,0
Precinct,24,*,0,0
Precinct,25,*,0,0
Precinct,26,17,17,17
Precinct,27,12,12,12
Precinct,28,40,40,40
Precinct,29,9,9,9
Precinct,30,9,9,9
Precinct,Voter Privacy,8,8,8
County,Colfax,667,667,667
Precinct,1,50,50,50
Precinct,2,34,34,34
Precinct,3,45,45,45
Precinct,4,29,29,29
Precinct,5,46,46,46
Precinct,7,22,22,22
Precinct,8,90,90,90
Precinct,9,19,19,19
Precinct,10,11,11,11
Precinct,11,10,10,10
Precinct,12,16,16,16
Precinct,13,10,10,10
Precinct,14,18,18,18
Precinct,15,28,28,28
Precinct,16,55,55,55
Precinct,17,22,22,22
Precinct,18,9,9,9
Precinct,19,*,0,0
Precinct,20,19,19,19
Precinct,21,40,40,40
Precinct,22,90,90,90
Precinct,Voter Privacy,*,*,4
County,Curry,1856,1856,1856
Precinct,1,25,25,25
Precinct,2,28,28,28
Precinct,3,28,28,28
Precinct,4,108,108,108
Precinct,5,32,32,32
Precinct,6,*,*,5
Precinct,7,8,8,8
Precinct,8,28,28,28
Precinct,9,26,26,26
Precinct,10,68,68,68
Precinct,11,64,64,64
Precinct,12,52,52,52
Precinct,13,41,41,41
Precinct,14,54,54,54
Precinct,15,29,29,29
Precinct,16,*,0,0
Precinct,17,85,85,85
Precinct,18,93,93,93
Precinct,19,58,58,58
Precinct,20,32,32,32
Precinct,21,21,21,21
Precinct,22,13,13,13
Precinct,23,88,88,88
Precinct,24,90,90,90
Precinct,25,*,0,0
Precinct,26,*,0,0
Precinct,27,8,8,8
Precinct,28,14,14,14
Precinct,29,13,13,13
Precinct,30,52,52,52
Precinct,31,11,11,11
Precinct,32,43,43,43
Precinct,33,67,67,67
Precinct,34,21,21,21
Precinct,35,110,110,110
Precinct,36,45,45,45
Precinct,37,101,101,101
Precinct,38,33,33,33
Precinct,39,91,91,91
Precinct,40,91,91,91
Precinct,41,15,15,15
Precinct,42,26,26,26
Precinct,43,31,31,31
Precinct,Voter Privacy,8,8,8
County,De Baca,175,175,175
Precinct,1,21,21,21
Precinct,2,99,99,99
Precinct,3,45,45,45
Precinct,4,10,10,10
Precinct,Voter Privacy,0,0,0
County,Dona Ana,3963,3963,3963
Precinct,1,17,17,17
Precinct,2,17,17,17
Precinct,3,9,9,9
Precinct,4,12,12,12
Precinct,5,8,8,8
Precinct,6,17,17,17
Precinct,7,38,38,38
Precinct,8,12,12,12
Precinct,9,*,0,0
Precinct,10,*,0,0
Precinct,11,8,8,8
Precinct,12,7,7,7
Precinct,13,*,0,0
Precinct,14,24,24,24
Precinct,15,11,11,11
Precinct,16,16,16,16
Precinct,17,20,20,20
Precinct,18,24,24,24
Precinct,19,46,46,46
Precinct,20,36,36,36
Precinct,21,25,25,25
Precinct,22,35,35,35
Precinct,23,18,18,18
Precinct,24,19,19,19
Precinct,25,23,23,23
Precinct,26,30,30,30
Precinct,27,16,16,16
Precinct,28,11,11,11
Precinct,29,7,7,7
Precinct,30,13,13,13
Precinct,31,16,16,16
Precinct,32,*,0,0
Precinct,33,13,13,13
Precinct,34,14,14,14
Precinct,35,*,0,0
Precinct,36,*,*,5
Precinct,37,15,15,15
Precinct,38,6,6,6
Precinct,39,18,18,18
Precinct,40,32,32,32
Precinct,41,6,6,6
Precinct,42,*,*,5
Precinct,43,7,7,7
Precinct,44,8,8,8
Precinct,45,14,14,14
Precinct,46,10,10,10
Precinct,47,12,12,12
Precinct,48,23,23,23
Precinct,49,23,23,23
Precinct,50,8,8,8
Precinct,51,18,18,18
Precinct,52,15,15,15
Precinct,53,7,7,7
Precinct,54,*,0,0
Precinct,55,25,25,25
Precinct,56,18,18,18
Precinct,57,33,33,33
Precinct,58,*,0,0
Precinct,59,40,40,40
Precinct,60,*,*,5
Precinct,61,32,32,32
Precinct,62,23,23,23
Precinct,63,69,69,69
Precinct,64,27,27,27
Precinct,65,8,8,8
Precinct,66,21,21,21
Precinct,67,40,40,40
Precinct,68,15,15,15
Precinct,69,21,21,21
Precinct,70,13,13,13
Precinct,71,24,24,24
Precinct,72,14,14,14
Precinct,73,27,27,27
Precinct,74,22,22,22
Precinct,75,18,18,18
Precinct,76,11,11,11
Precinct,77,31,31,31
Precinct,78,26,26,26
Precinct,79,16,16,16
Precinct,80,7,7,7
Precinct,81,8,8,8
Precinct,82,22,22,22
Precinct,83,18,18,18
Precinct,84,31,31,31
Precinct,85,34,34,34
Precinct,86,29,29,29
Precinct,87,23,23,23
Precinct,88,12,12,12
Precinct,89,39,39,39
Precinct,90,26,26,26
Precinct,91,27,27,27
Precinct,92,*,0,0
Precinct,93,*,0,0
Precinct,94,9,9,9
Precinct,95,*,*,5
Precinct,96,50,50,50
Precinct,97,*,0,0
Precinct,98,41,41,41
Precinct,99,38,38,38
Precinct,100,33,33,33
Precinct,101,33,33,33
Precinct,102,27,27,27
Precinct,103,26,26,26
Precinct,104,16,16,16
Precinct,105,40,40,40
Precinct,106,38,38,38
Precinct,107,66,66,66
Precinct,108,16,16,16
Precinct,109,30,30,30
Precinct,110,51,51,51
Precinct,111,15,15,15
Precinct,112,44,44,44
Precinct,113,44,44,44
Precinct,114,35,35,35
Precinct,115,53,53,53
Precinct,116,51,51,51
Precinct,117,16,16,16
Precinct,118,30,30,30
Precinct,119,28,28,28
Precinct,120,6,6,6
Precinct,121,7,7,7
Precinct,122,41,41,41
Precinct,123,44,44,44
Precinct,124,36,36,36
Precinct,125,47,47,47
Precinct,126,36,36,36
Precinct,127,29,29,29
Precinct,128,39,39,39
Precinct,129,22,22,22
Precinct,130,54,54,54
Precinct,131,23,23,23
Precinct,132,31,31,31
Precinct,133,6,6,6
Precinct,134,21,21,21
Precinct,135,20,20,20
Precinct,136,22,22,22
Precinct,137,17,17,17
Precinct,138,12,12,12
Precinct,139,49,49,49
Precinct,140,20,20,20
Precinct,141,51,51,51
Precinct,142,24,24,24
Precinct,143,31,31,31
Precinct,144,*,0,0
Precinct,145,*,0,0
Precinct,146,15,15,15
Precinct,147,11,11,11
Precinct,148,45,45,45
Precinct,149,30,30,30
Precinct,150,32,32,32
Precinct,151,*,0,0
Precinct,152,33,33,33
Precinct,153,34,34,34
Precinct,154,*,0,0
Precinct,155,13,13,13
Precinct,156,*,0,0
Precinct,157,11,11,11
Precinct,158,7,7,7
Precinct,159,6,6,6
Precinct,160,*,0,0
Precinct,161,28,28,28
Precinct,162,17,17,17
Precinct,163,*,0,0
Precinct,164,7,7,7
Precinct,165,8,8,8
Precinct,166,16,16,16
Precinct,167,*,*,5
Precinct,168,*,0,0
Precinct,169,*,0,0
Precinct,170,*,0,0
Precinct,171,26,26,26
Precinct,172,24,24,24
Precinct,173,22,22,22
Precinct,174,12,12,12
Precinct,175,27,27,27
Precinct,176,40,40,40
Precinct,177,33,33,33
Precinct,178,26,26,26
Precinct,179,15,15,15
Precinct,180,13,13,13
Precinct,181,27,27,27
Precinct,182,42,42,42
Precinct,183,9,9,9
Precinct,184,11,11,11
Precinct,185,33,33,33
Precinct,186,7,7,7
Precinct,187,19,19,19
Precinct,188,17,17,17
Precinct,189,7,7,7
Precinct,190,16,16,16
Precinct,Voter Privacy,47,47,47
County,Eddy,4406,4406,4406
Precinct,1,97,97,97
Precinct,2,67,67,67
Precinct,3,61,61,61
Precinct,4,95,95,95
Precinct,5,118,118,118
Precinct,6,87,87,87
Precinct,7,175,175,175
Precinct,8,153,153,153
Precinct,9,78,78,78
Precinct,10,28,28,28
Precinct,11,7,7,7
Precinct,12,9,9,9
Precinct,13,39,39,39
Precinct,14,25,25,25
Precinct,15,45,45,45
Precinct,16,60,60,60
Precinct,17,96,96,96
Precinct,18,91,91,91
Precinct,19,113,113,113
Precinct,20,45,45,45
Precinct,21,23,23,23
Precinct,22,33,33,33
Precinct,23,56,56,56
Precinct,24,142,142,142
Precinct,25,44,44,44
Precinct,26,69,69,69
Precinct,27,102,102,102
Precinct,28,115,115,115
Precinct,29,6,6,6
Precinct,30,16,16,16
Precinct,31,89,89,89
Precinct,32,46,46,46
Precinct,33,94,94,94
Precinct,34,92,92,92
Precinct,35,157,157,157
Precinct,36,180,180,180
Precinct,37,133,133,133
Precinct,38,33,33,33
Precinct,39,82,82,82
Precinct,40,32,32,32
Precinct,41,131,131,131
Precinct,42,7,7,7
Precinct,43,79,79,79
Precinct,44,41,41,41
Precinct,45,136,136,136
Precinct,46,126,126,126
Precinct,47,96,96,96
Precinct,48,84,84,84
Precinct,49,59,59,59
Precinct,50,115,115,115
Precinct,51,140,140,140
Precinct,52,182,182,182
Precinct,53,56,56,56
Precinct,54,121,121,121
Precinct,Voter Privacy,0,0,0
County,Grant,1150,1150,1150
Precinct,1,76,76,76
Precinct,2,42,42,42
Precinct,3,*,0,0
Precinct,4,10,10,10
Precinct,5,77,77,77
Precinct,6,7,7,7
Precinct,7,27,27,27
Precinct,8,57,57,57
Precinct,9,12,12,12
Precinct,10,17,17,17
Precinct,11,59,59,59
Precinct,12,47,47,47
Precinct,13,46,46,46
Precinct,14,45,45,45
Precinct,15,39,39,39
Precinct,16,41,41,41
Precinct,17,25,25,25
Precinct,18,17,17,17
Precinct,19,14,14,14
Precinct,20,25,25,25
Precinct,21,*,0,0
Precinct,22,13,13,13
Precinct,23,15,15,15
Precinct,24,14,14,14
Precinct,25,6,6,6
Precinct,26,13,13,13
Precinct,27,9,9,9
Precinct,28,20,20,20
Precinct,29,28,28,28
Precinct,30,54,54,54
Precinct,31,14,14,14
Precinct,32,*,0,0
Precinct,33,39,39,39
Precinct,34,11,11,11
Precinct,35,12,12,12
Precinct,36,49,49,49
Precinct,37,63,63,63
Precinct,38,46,46,46
Precinct,39,54,54,54
Precinct,Voter Privacy,7,7,7
County,Guadalupe,131,131,131
Precinct,1,53,53,53
Precinct,2,14,14,14
Precinct,3,36,36,36
Precinct,4,11,11,11
Precinct,5,17,17,17
Precinct,Voter Privacy,0,0,0
County,Harding,140,140,140
Precinct,1,55,55,55
Precinct,2,70,70,70
Precinct,3,15,15,15
Precinct,Voter Privacy,0,0,0
County,Hidalgo,214,214,214
Precinct,1 - Lordsburg/west,19,19,19
Precinct,2 - Lordsburge/central,10,10,10
Precinct,3 - Lordsburg/east,*,0,0
Precinct,4 - Virden,29,29,29
Precinct,5 - Rodeo,24,24,24
Precinct,6 - Animas,43,43,43
Precinct,7- Lordsburg North/west,13,13,13
Precinct,8 - South Animas/South Lordsburg,16,16,16
Precinct,9- Animas/ Central,23,23,23
Precinct,10- Lordsburg Northeast,*,0,0
Precinct,11- Lordsburg Southwest,18,18,18
Precinct,12- Lordsburg,18,18,18
Precinct,Voter Privacy,*,*,1
County,Lea,3997,3997,3997
Precinct,2,8,8,8
Precinct,3,150,150,150
Precinct,8,55,55,55
Precinct,9,104,104,104
Precinct,10,199,199,199
Precinct,11,45,45,45
Precinct,12,38,38,38
Precinct,13,110,110,110
Precinct,14,62,62,62
Precinct,15,129,129,129
Precinct,16,16,16,16
Precinct,17,36,36,36
Precinct,18,72,72,72
Precinct,19,140,140,140
Precinct,20,98,98,98
Precinct,21,78,78,78
Precinct,22,160,160,160
Precinct,23,131,131,131
Precinct,24,134,134,134
Precinct,25,134,134,134
Precinct,26,119,119,119
Precinct,27,191,191,191
Precinct,28,54,54,54
Precinct,29,125,125,125
Precinct,30,68,68,68
Precinct,31,56,56,56
Precinct,32,94,94,94
Precinct,33,80,80,80
Precinct,34,14,14,14
Precinct,35,17,17,17
Precinct,36,28,28,28
Precinct,37,77,77,77
Precinct,38,81,81,81
Precinct,39,55,55,55
Precinct,40,76,76,76
Precinct,41,79,79,79
Precinct,42,79,79,79
Precinct,43,74,74,74
Precinct,44,44,44,44
Precinct,50,25,25,25
Precinct,51,7,7,7
Precinct,52,23,23,23
Precinct,53,8,8,8
Precinct,54,11,11,11
Precinct,55,13,13,13
Precinct,56,85,85,85
Precinct,57,154,154,154
Precinct,58,*,0,0
Precinct,59,*,0,0
Precinct,61,16,16,16
Precinct,62,44,44,44
Precinct,71,60,60,60
Precinct,72,102,102,102
Precinct,73,90,90,90
Precinct,74,46,46,46
Precinct,Voter Privacy,*,*,3
County,Lincoln,2459,2459,2459
Precinct,1,71,71,71
Precinct,2,81,81,81
Precinct,3,146,146,146
Precinct,4,98,98,98
Precinct,5,123,123,123
Precinct,6,164,164,164
Precinct,7,103,103,103
Precinct,8,59,59,59
Precinct,9,85,85,85
Precinct,10,43,43,43
Precinct,11,89,89,89
Precinct,12,93,93,93
Precinct,13,109,109,109
Precinct,14,152,152,152
Precinct,15,69,69,69
Precinct,16,34,34,34
Precinct,17,113,113,113
Precinct,18,29,29,29
Precinct,19,71,71,71
Precinct,20,42,42,42
Precinct,21,117,117,117
Precinct,22,27,27,27
Precinct,23,37,37,37
Precinct,24,56,56,56
Precinct,25,86,86,86
Precinct,26,160,160,160
Precinct,27,73,73,73
Precinct,28,37,37,37
Precinct,29,92,92,92
Precinct,Voter Privacy,0,0,0
County,Los Alamos,862,862,862
Precinct,1,53,53,53
Precinct,2,68,68,68
Precinct,3,41,41,41
Precinct,4,38,38,38
Precinct,5,29,29,29
Precinct,6,30,30,30
Precinct,7,57,57,57
Precinct,8,47,47,47
Precinct,9,27,27,27
Precinct,10,26,26,26
Precinct,11,30,30,30
Precinct,12,11,11,11
Precinct,13,66,66,66
Precinct,14,50,50,50
Precinct,15,41,41,41
Precinct,16,33,33,33
Precinct,17,36,36,36
Precinct,18,17,17,17
Precinct,19,26,26,26
Precinct,20,15,15,15
Precinct,21,32,32,32
Precinct,22,36,36,36
Precinct,23,53,53,53
Precinct,Voter Privacy,0,0,0
County,Luna,784,784,784
Precinct,1,24,24,24
Precinct,2,71,71,71
Precinct,3,75,75,75
Precinct,4,23,23,23
Precinct,5,59,59,59
Precinct,6,53,53,53
Precinct,7,27,27,27
Precinct,8,9,9,9
Precinct,9,34,34,34
Precinct,10,36,36,36
Precinct,11,32,32,32
Precinct,12,22,22,22
Precinct,13,96,96,96
Precinct,14,66,66,66
Precinct,15,*,0,0
Precinct,16,78,78,78
Precinct,17,29,29,29
Precinct,18,50,50,50
Precinct,Voter Privacy,0,0,0
County,McKinley,1224,1224,1224
Precinct,1,21,21,21
Precinct,2,10,10,10
Precinct,3,8,8,8
Precinct,4,7,7,7
Precinct,5,33,33,33
Precinct,6,18,18,18
Precinct,7,23,23,23
Precinct,8,19,19,19
Precinct,9,19,19,19
Precinct,10,14,14,14
Precinct,11,14,14,14
Precinct,12,*,0,0
Precinct,13,7,7,7
Precinct,14,31,31,31
Precinct,15,19,19,19
Precinct,16,27,27,27
Precinct,17,49,49,49
Precinct,18,7,7,7
Precinct,19,22,22,22
Precinct,20,24,24,24
Precinct,21,21,21,21
Precinct,22,14,14,14
Precinct,23,27,27,27
Precinct,24,25,25,25
Precinct,25,25,25,25
Precinct,26,61,61,61
Precinct,27,*,0,0
Precinct,28,12,12,12
Precinct,29,*,0,0
Precinct,30,6,6,6
Precinct,31,27,27,27
Precinct,32,7,7,7
Precinct,33,20,20,20
Precinct,34,10,10,10
Precinct,35,10,10,10
Precinct,36,6,6,6
Precinct,37,*,0,0
Precinct,38,*,*,5
Precinct,39,21,21,21
Precinct,40,15,15,15
Precinct,41,14,14,14
Precinct,42,17,17,17
Precinct,43,48,48,48
Precinct,44,24,24,24
Precinct,45,37,37,37
Precinct,46,44,44,44
Precinct,47,12,12,12
Precinct,48,14,14,14
Precinct,49,14,14,14
Precinct,50,9,9,9
Precinct,51,9,9,9
Precinct,52,22,22,22
Precinct,53,13,13,13
Precinct,54,39,39,39
Precinct,55,13,13,13
Precinct,56,38,38,38
Precinct,57,10,10,10
Precinct,58,23,23,23
Precinct,59,13,13,13
Precinct,60,7,7,7
Precinct,61,*,0,0
Precinct,62,9,9,9
Precinct,63,13,13,13
Precinct,64,*,0,0
Precinct,65,19,19,19
Precinct,66,*,0,0
Precinct,67,*,0,0
Precinct,68,6,6,6
Precinct,69,*,0,0
Precinct,70,44,44,44
Precinct,71,*,*,5
Precinct,Voter Privacy,24,24,24
County,Mora,148,148,148
Precinct,1,25,25,25
Precinct,2,13,13,13
Precinct,3,31,31,31
Precinct,4,10,10,10
Precinct,5,7,7,7
Precinct,6,*,*,5
Precinct,7,7,7,7
Precinct,8,13,13,13
Precinct,9,6,6,6
Precinct,10,11,11,11
Precinct,11,20,20,20
Precinct,Voter Privacy,0,0,0
County,Otero,3507,3507,3507
Precinct,1,*,*,5
Precinct,2,*,0,0
Precinct,3,14,14,14
Precinct,4,17,17,17
Precinct,5,33,33,33
Precinct,6,32,32,32
Precinct,7,60,60,60
Precinct,8,96,96,96
Precinct,9,110,110,110
Precinct,10,140,140,140
Precinct,11,*,0,0
Precinct,12,129,129,129
Precinct,13,83,83,83
Precinct,14,60,60,60
Precinct,15,110,110,110
Precinct,16,*,0,0
Precinct,17,69,69,69
Precinct,18,91,91,91
Precinct,19,13,13,13
Precinct,20,20,20,20
Precinct,21,146,146,146
Precinct,22,23,23,23
Precinct,23,43,43,43
Precinct,24,123,123,123
Precinct,25,119,119,119
Precinct,26,47,47,47
Precinct,27,85,85,85
Precinct,28,68,68,68
Precinct,29,58,58,58
Precinct,30,49,49,49
Precinct,31,42,42,42
Precinct,32,33,33,33
Precinct,33,41,41,41
Precinct,34,45,45,45
Precinct,35,63,63,63
Precinct,36,87,87,87
Precinct,37,46,46,46
Precinct,38,15,15,15
Precinct,39,88,88,88
Precinct,40,97,97,97
Precinct,41,*,0,0
Precinct,42,9,9,9
Precinct,43,*,0,0
Precinct,44,*,0,0
Precinct,45,*,0,0
Precinct,46,6,6,6
Precinct,47,22,22,22
Precinct,48,40,40,40
Precinct,49,106,106,106
Precinct,50,18,18,18
Precinct,51,77,77,77
Precinct,52,82,82,82
Precinct,53,65,65,65
Precinct,54,88,88,88
Precinct,55,112,112,112
Precinct,56,*,*,5
Precinct,57,104,104,104
Precinct,58,11,11,11
Precinct,59,*,0,0
Precinct,60,55,55,55
Precinct,61,49,49,49
Precinct,62,73,73,73
Precinct,63,34,34,34
Precinct,64,41,41,41
Precinct,65,85,85,85
Precinct,66,*,0,0
Precinct,Voter Privacy,25,25,25
County,Quay,694,694,694
Precinct,1,28,28,28
Precinct,2,16,16,16
Precinct,3,54,54,54
Precinct,4,21,21,21
Precinct,5,181,181,181
Precinct,6,91,91,91
Precinct,7,22,22,22
Precinct,8,30,30,30
Precinct,9,78,78,78
Precinct,10,15,15,15
Precinct,11,93,93,93
Precinct,12,65,65,65
Precinct,Voter Privacy,0,0,0
County,Rio Arriba,638,638,638
Precinct,1,22,22,22
Precinct,2,*,0,0
Precinct,3,7,7,7
Precinct,4,45,45,45
Precinct,5,*,0,0
Precinct,10,21,21,21
Precinct,11,37,37,37
Precinct,12,*,0,0
Precinct,13,*,0,0
Precinct,14,*,0,0
Precinct,21,*,0,0
Precinct,22,18,18,18
Precinct,23,17,17,17
Precinct,24,11,11,11
Precinct,25,*,0,0
Precinct,26,11,11,11
Precinct,27,11,11,11
Precinct,28,6,6,6
Precinct,35,*,0,0
Precinct,36,30,30,30
Precinct,37,22,22,22
Precinct,38,42,42,42
Precinct,39,20,20,20
Precinct,40,10,10,10
Precinct,45,15,15,15
Precinct,46,*,0,0
Precinct,47,9,9,9
Precinct,48,8,8,8
Precinct,49,*,0,0
Precinct,56,13,13,13
Precinct,57,14,14,14
Precinct,58,8,8,8
Precinct,59,6,6,6
Precinct,60,10,10,10
Precinct,61,16,16,16
Precinct,62,7,7,7
Precinct,63,20,20,20
Precinct,64,31,31,31
Precinct,65,19,19,19
Precinct,66,15,15,15
Precinct,67,21,21,21
Precinct,68,18,18,18
Precinct,69,30,30,30
Precinct,70,17,17,17
Precinct,71,10,10,10
Precinct,72,*,0,0
Precinct,73,*,0,0
Precinct,74,*,0,0
Precinct,Voter Privacy,21,21,21
County,Roosevelt,1514,1514,1514
Precinct,1,44,44,44
Precinct,2,146,146,146
Precinct,3,11,11,11
Precinct,4,89,89,89
Precinct,5,111,111,111
Precinct,6,101,101,101
Precinct,7,22,22,22
Precinct,8,22,22,22
Precinct,9,91,91,91
Precinct,10,55,55,55
Precinct,11,89,89,89
Precinct,12,72,72,72
Precinct,13,15,15,15
Precinct,14,50,50,50
Precinct,15,49,49,49
Precinct,16,28,28,28
Precinct,17,91,91,91
Precinct,18,141,141,141
Precinct,19,117,117,117
Precinct,20,86,86,86
Precinct,21,84,84,84
Precinct,Voter Privacy,0,0,0
County,San Juan,6338,6338,6338
Precinct,1,24,24,24
Precinct,2,21,21,21
Precinct,3,21,21,21
Precinct,4,23,23,23
Precinct,5,19,19,19
Precinct,6,15,15,15
Precinct,7,16,16,16
Precinct,8,14,14,14
Precinct,9,15,15,15
Precinct,10,31,31,31
Precinct,11,23,23,23
Precinct,12,6,6,6
Precinct,13,24,24,24
Precinct,14,10,10,10
Precinct,15,18,18,18
Precinct,16,31,31,31
Precinct,17,12,12,12
Precinct,18,47,47,47
Precinct,19,*,*,5
Precinct,20,25,25,25
Precinct,21,76,76,76
Precinct,22,53,53,53
Precinct,23,88,88,88
Precinct,24,74,74,74
Precinct,25,78,78,78
Precinct,26,31,31,31
Precinct,27,62,62,62
Precinct,28,47,47,47
Precinct,29,34,34,34
Precinct,30,121,121,121
Precinct,31,79,79,79
Precinct,32,21,21,21
Precinct,33,52,52,52
Precinct,34,25,25,25
Precinct,35,43,43,43
Precinct,36,62,62,62
Precinct,37,47,47,47
Precinct,38,91,91,91
Precinct,39,161,161,161
Precinct,40,71,71,71
Precinct,41,124,124,124
Precinct,42,133,133,133
Precinct,43,68,68,68
Precinct,44,87,87,87
Precinct,45,72,72,72
Precinct,46,109,109,109
Precinct,47,97,97,97
Precinct,48,77,77,77
Precinct,49,110,110,110
Precinct,50,71,71,71
Precinct,51,62,62,62
Precinct,52,48,48,48
Precinct,53,24,24,24
Precinct,54,47,47,47
Precinct,55,116,116,116
Precinct,56,51,51,51
Precinct,57,165,165,165
Precinct,58,103,103,103
Precinct,59,160,160,160
Precinct,60,122,122,122
Precinct,61,149,149,149
Precinct,62,70,70,70
Precinct,63,78,78,78
Precinct,64,114,114,114
Precinct,65,101,101,101
Precinct,66,81,81,81
Precinct,67,123,123,123
Precinct,68,88,88,88
Precinct,69,111,111,111
Precinct,70,72,72,72
Precinct,71,66,66,66
Precinct,72,101,101,101
Precinct,73,54,54,54
Precinct,74,77,77,77
Precinct,75,40,40,40
Precinct,76,105,105,105
Precinct,77,64,64,64
Precinct,78,84,84,84
Precinct,79,51,51,51
Precinct,80,69,69,69
Precinct,81,54,54,54
Precinct,82,46,46,46
Precinct,83,16,16,16
Precinct,90,93,93,93
Precinct,99,95,95,95
Precinct,100,17,17,17
Precinct,101,20,20,20
Precinct,102,43,43,43
Precinct,103,141,141,141
Precinct,104,59,59,59
Precinct,105,83,83,83
Precinct,106,73,73,73
Precinct,107,133,133,133
Precinct,108,62,62,62
Precinct,109,21,21,21
Precinct,110,9,9,9
Precinct,120,24,24,24
Precinct,121,21,21,21
Precinct,130,14,14,14
Precinct,131,16,16,16
Precinct,132,12,12,12
Precinct,133,14,14,14
Precinct,134,12,12,12
Precinct,Voter Privacy,0,0,0
County,San Miguel,579,579,579
Precinct,1,8,8,8
Precinct,2,18,18,18
Precinct,3,10,10,10
Precinct,4,21,21,21
Precinct,5,18,18,18
Precinct,6,14,14,14
Precinct,7,27,27,27
Precinct,8,21,21,21
Precinct,9,21,21,21
Precinct,10,22,22,22
Precinct,11,7,7,7
Precinct,12,22,22,22
Precinct,13,9,9,9
Precinct,14,*,*,5
Precinct,15,35,35,35
Precinct,16,38,38,38
Precinct,17,*,0,0
Precinct,18,11,11,11
Precinct,19,17,17,17
Precinct,20,*,0,0
Precinct,21,16,16,16
Precinct,22,10,10,10
Precinct,23,51,51,51
Precinct,24,19,19,19
Precinct,25,19,19,19
Precinct,26,16,16,16
Precinct,27,38,38,38
Precinct,28,18,18,18
Precinct,29,12,12,12
Precinct,30,6,6,6
Precinct,31,10,10,10
Precinct,32,6,6,6
Precinct,33,*,*,5
Precinct,34,24,24,24
Precinct,Voter Privacy,*,*,5
County,Sandoval,6742,6742,6742
Precinct,1,31,31,31
Precinct,2,26,26,26
Precinct,3,38,38,38
Precinct,4,18,18,18
Precinct,5,42,42,42
Precinct,6,28,28,28
Precinct,7,12,12,12
Precinct,8,*,0,0
Precinct,9,*,0,0
Precinct,10,6,6,6
Precinct,11,49,49,49
Precinct,12,43,43,43
Precinct,13,27,27,27
Precinct,14,*,0,0
Precinct,15,*,0,0
Precinct,16,35,35,35
Precinct,17,18,18,18
Precinct,18,33,33,33
Precinct,19,*,0,0
Precinct,20,*,0,0
Precinct,21,21,21,21
Precinct,22,30,30,30
Precinct,23,26,26,26
Precinct,24,11,11,11
Precinct,25,9,9,9
Precinct,26,*,*,5
Precinct,27,16,16,16
Precinct,28,99,99,99
Precinct,29,*,*,5
Precinct,30,68,68,68
Precinct,31,61,61,61
Precinct,32,59,59,59
Precinct,33,33,33,33
Precinct,34,58,58,58
Precinct,35,31,31,31
Precinct,36,43,43,43
Precinct,37,61,61,61
Precinct,38,48,48,48
Precinct,39,71,71,71
Precinct,40,63,63,63
Precinct,41,77,77,77
Precinct,42,73,73,73
Precinct,43,56,56,56
Precinct,44,60,60,60
Precinct,45,44,44,44
Precinct,46,56,56,56
Precinct,47,26,26,26
Precinct,48,65,65,65
Precinct,49,75,75,75
Precinct,50,53,53,53
Precinct,51,*,0,0
Precinct,52,32,32,32
Precinct,53,72,72,72
Precinct,54,33,33,33
Precinct,55,22,22,22
Precinct,56,61,61,61
Precinct,57,76,76,76
Precinct,58,79,79,79
Precinct,59,36,36,36
Precinct,60,40,40,40
Precinct,61,42,42,42
Precinct,62,53,53,53
Precinct,63,62,62,62
Precinct,64,80,80,80
Precinct,65,23,23,23
Precinct,66,59,59,59
Precinct,67,24,24,24
Precinct,68,63,63,63
Precinct,69,19,19,19
Precinct,70,50,50,50
Precinct,71,36,36,36
Precinct,72,62,62,62
Precinct,73,91,91,91
Precinct,74,39,39,39
Precinct,75,75,75,75
Precinct,76,65,65,65
Precinct,77,*,*,5
Precinct,78,37,37,37
Precinct,79,31,31,31
Precinct,80,55,55,55
Precinct,81,39,39,39
Precinct,82,55,55,55
Precinct,83,67,67,67
Precinct,84,26,26,26
Precinct,85,18,18,18
Precinct,86,50,50,50
Precinct,87,33,33,33
Precinct,88,23,23,23
Precinct,89,48,48,48
Precinct,90,30,30,30
Precinct,91,*,0,0
Precinct,92,28,28,28
Precinct,93,90,90,90
Precinct,94,50,50,50
Precinct,95,*,0,0
Precinct,96,69,69,69
Precinct,97,68,68,68
Precinct,98,56,56,56
Precinct,99,41,41,41
Precinct,100,24,24,24
Precinct,101,41,41,41
Precinct,102,55,55,55
Precinct,103,62,62,62
Precinct,104,58,58,58
Precinct,105,28,28,28
Precinct,106,58,58,58
Precinct,107,58,58,58
Precinct,108,36,36,36
Precinct,109,46,46,46
Precinct,110,57,57,57
Precinct,111,64,64,64
Precinct,112,58,58,58
Precinct,113,55,55,55
Precinct,114,91,91,91
Precinct,115,58,58,58
Precinct,116,49,49,49
Precinct,117,43,43,43
Precinct,118,60,60,60
Precinct,119,73,73,73
Precinct,120,22,22,22
Precinct,121,37,37,37
Precinct,122,51,51,51
Precinct,123,81,81,81
Precinct,124,32,32,32
Precinct,125,41,41,41
Precinct,126,19,19,19
Precinct,127,35,35,35
Precinct,128,45,45,45
Precinct,129,56,56,56
Precinct,130,36,36,36
Precinct,131,30,30,30
Precinct,132,71,71,71
Precinct,133,40,40,40
Precinct,134,62,62,62
Precinct,135,39,39,39
Precinct,136,55,55,55
Precinct,137,39,39,39
Precinct,138,78,78,78
Precinct,139,56,56,56
Precinct,140,33,33,33
Precinct,141,41,41,41
Precinct,142,30,30,30
Precinct,143,87,87,87
Precinct,144,21,21,21
Precinct,145,18,18,18
Precinct,146,13,13,13
Precinct,147,37,37,37
Precinct,148,57,57,57
Precinct,149,56,56,56
Precinct,150,33,33,33
Precinct,151,28,28,28
Precinct,152,10,10,10
Precinct,153,21,21,21
Precinct,154,44,44,44
Precinct,155,35,35,35
Precinct,156,111,111,111
Precinct,157,31,31,31
Precinct,Voter Privacy,15,15,15
County,Santa Fe,3002,3002,3002
Precinct,1,13,13,13
Precinct,2,10,10,10
Precinct,3,11,11,11
Precinct,4,*,0,0
Precinct,5,25,25,25
Precinct,6,*,0,0
Precinct,7,14,14,14
Precinct,8,13,13,13
Precinct,9,7,7,7
Precinct,10,22,22,22
Precinct,11,7,7,7
Precinct,12,20,20,20
Precinct,13,29,29,29
Precinct,14,*,*,5
Precinct,15,46,46,46
Precinct,16,31,31,31
Precinct,17,17,17,17
Precinct,18,50,50,50
Precinct,19,13,13,13
Precinct,20,7,7,7
Precinct,21,6,6,6
Precinct,22,10,10,10
Precinct,23,31,31,31
Precinct,24,11,11,11
Precinct,25,8,8,8
Precinct,26,*,*,5
Precinct,27,*,0,0
Precinct,28,11,11,11
Precinct,29,18,18,18
Precinct,30,18,18,18
Precinct,31,12,12,12
Precinct,32,16,16,16
Precinct,33,8,8,8
Precinct,34,10,10,10
Precinct,35,*,*,5
Precinct,36,9,9,9
Precinct,37,13,13,13
Precinct,38,19,19,19
Precinct,39,18,18,18
Precinct,40,7,7,7
Precinct,41,6,6,6
Precinct,42,6,6,6
Precinct,43,*,0,0
Precinct,44,8,8,8
Precinct,45,15,15,15
Precinct,46,9,9,9
Precinct,47,*,0,0
Precinct,48,11,11,11
Precinct,49,12,12,12
Precinct,50,11,11,11
Precinct,51,9,9,9
Precinct,52,*,0,0
Precinct,53,17,17,17
Precinct,54,8,8,8
Precinct,55,12,12,12
Precinct,56,31,31,31
Precinct,57,23,23,23
Precinct,58,23,23,23
Precinct,59,35,35,35
Precinct,60,19,19,19
Precinct,61,16,16,16
Precinct,62,15,15,15
Precinct,63,7,7,7
Precinct,64,*,0,0
Precinct,65,15,15,15
Precinct,66,10,10,10
Precinct,67,*,0,0
Precinct,68,7,7,7
Precinct,69,18,18,18
Precinct,70,31,31,31
Precinct,71,7,7,7
Precinct,72,10,10,10
Precinct,73,91,91,91
Precinct,74,22,22,22
Precinct,75,11,11,11
Precinct,76,20,20,20
Precinct,77,16,16,16
Precinct,78,21,21,21
Precinct,79,20,20,20
Precinct,80,10,10,10
Precinct,81,33,33,33
Precinct,82,37,37,37
Precinct,83,18,18,18
Precinct,84,75,75,75
Precinct,85,75,75,75
Precinct,86,14,14,14
Precinct,87,15,15,15
Precinct,88,25,25,25
Precinct,89,38,38,38
Precinct,90,28,28,28
Precinct,91,12,12,12
Precinct,92,14,14,14
Precinct,93,24,24,24
Precinct,94,15,15,15
Precinct,95,*,0,0
Precinct,96,7,7,7
Precinct,97,*,0,0
Precinct,98,20,20,20
Precinct,99,11,11,11
Precinct,100,*,0,0
Precinct,101,7,7,7
Precinct,102,15,15,15
Precinct,103,15,15,15
Precinct,104,8,8,8
Precinct,105,12,12,12
Precinct,106,8,8,8
Precinct,107,16,16,16
Precinct,108,9,9,9
Precinct,109,16,16,16
Precinct,110,28,28,28
Precinct,111,9,9,9
Precinct,112,20,20,20
Precinct,113,28,28,28
Precinct,114,16,16,16
Precinct,115,85,85,85
Precinct,116,8,8,8
Precinct,117,21,21,21
Precinct,118,21,21,21
Precinct,119,*,*,5
Precinct,120,13,13,13
Precinct,121,12,12,12
Precinct,122,*,0,0
Precinct,123,7,7,7
Precinct,124,15,15,15
Precinct,125,87,87,87
Precinct,126,10,10,10
Precinct,127,*,0,0
Precinct,128,15,15,15
Precinct,129,12,12,12
Precinct,130,7,7,7
Precinct,131,14,14,14
Precinct,132,16,16,16
Precinct,133,12,12,12
Precinct,134,25,25,25
Precinct,135,14,14,14
Precinct,136,*,*,5
Precinct,137,*,*,5
Precinct,138,12,12,12
Precinct,139,14,14,14
Precinct,140,12,12,12
Precinct,141,*,0,0
Precinct,142,16,16,16
Precinct,143,14,14,14
Precinct,144,22,22,22
Precinct,145,6,6,6
Precinct,146,31,31,31
Precinct,147,25,25,25
Precinct,148,72,72,72
Precinct,149,22,22,22
Precinct,150,24,24,24
Precinct,151,30,30,30
Precinct,152,12,12,12
Precinct,153,37,37,37
Precinct,154,10,10,10
Precinct,155,*,0,0
Precinct,156,56,56,56
Precinct,157,78,78,78
Precinct,158,6,6,6
Precinct,159,6,6,6
Precinct,160,12,12,12
Precinct,161,8,8,8
Precinct,162,*,*,5
Precinct,163,9,9,9
Precinct,164,6,6,6
Precinct,165,8,8,8
Precinct,166,14,14,14
Precinct,167,19,19,19
Precinct,168,11,11,11
Precinct,169,*,0,0
Precinct,170,14,14,14
Precinct,171,8,8,8
Precinct,172,7,7,7
Precinct,173,18,18,18
Precinct,174,18,18,18
Precinct,175,11,11,11
Precinct,176,9,9,9
Precinct,177,11,11,11
Precinct,178,*,0,0
Precinct,179,*,0,0
Precinct,Voter Privacy,55,55,55
County,Sierra,901,901,901
Precinct,1,95,95,95
Precinct,2,180,180,180
Precinct,3,70,70,70
Precinct,4,69,69,69
Precinct,5,55,55,55
Precinct,6,9,9,9
Precinct,7,53,53,53
Precinct,8,60,60,60
Precinct,9,23,23,23
Precinct,10,113,113,113
Precinct,11,69,69,69
Precinct,12,105,105,105
Precinct,Voter Privacy,0,0,0
County,Socorro,792,792,792
Precinct,1,44,44,44
Precinct,2,30,30,30
Precinct,3,43,43,43
Precinct,4,18,18,18
Precinct,5,22,22,22
Precinct,6,44,44,44
Precinct,7,*,*,5
Precinct,8,70,70,70
Precinct,9,19,19,19
Precinct,10,9,9,9
Precinct,11,93,93,93
Precinct,12,12,12,12
Precinct,13,67,67,67
Precinct,14,33,33,33
Precinct,15,21,21,21
Precinct,16,*,*,5
Precinct,17,10,10,10
Precinct,18,44,44,44
Precinct,19,50,50,50
Precinct,20,35,35,35
Precinct,21,*,0,0
Precinct,22,9,9,9
Precinct,23,14,14,14
Precinct,24,37,37,37
Precinct,25,7,7,7
Precinct,26,13,13,13
Precinct,27,36,36,36
Precinct,Voter Privacy,*,*,2
County,Taos,470,470,470
Precinct,1,16,16,16
Precinct,2,*,0,0
Precinct,3,13,13,13
Precinct,4,19,19,19
Precinct,5,9,9,9
Precinct,6,23,23,23
Precinct,7,26,26,26
Precinct,8,6,6,6
Precinct,9,22,22,22
Precinct,10,8,8,8
Precinct,11,7,7,7
Precinct,12,12,12,12
Precinct,13,*,0,0
Precinct,14,8,8,8
Precinct,15,13,13,13
Precinct,16,*,*,5
Precinct,17,17,17,17
Precinct,18,21,21,21
Precinct,19,10,10,10
Precinct,20,8,8,8
Precinct,21,9,9,9
Precinct,22,*,0,0
Precinct,23,*,0,0
Precinct,24,*,*,5
Precinct,25,10,10,10
Precinct,26,7,7,7
Precinct,27,10,10,10
Precinct,28,16,16,16
Precinct,29,7,7,7
Precinct,30,*,0,0
Precinct,31,*,0,0
Precinct,32,*,0,0
Precinct,33,*,*,5
Precinct,34,16,16,16
Precinct,35,9,9,9
Precinct,36,*,0,0
Precinct,37,16,16,16
Precinct,38,6,6,6
Precinct,39,18,18,18
Precinct,40,11,11,11
Precinct,41,13,13,13
Precinct,42,11,11,11
Precinct,43,12,12,12
Precinct,44,10,10,10
Precinct,45,8,8,8
Precinct,46,*,0,0
Precinct,47,14,14,14
Precinct,Voter Privacy,14,14,14
County,Torrance,1046,1046,1046
Precinct,1,110,110,110
Precinct,2,49,49,49
Precinct,3,42,42,42
Precinct,4,42,42,42
Precinct,5,54,54,54
Precinct,6,58,58,58
Precinct,7,73,73,73
Precinct,8,29,29,29
Precinct,9,74,74,74
Precinct,10,72,72,72
Precinct,11,23,23,23
Precinct,12,21,21,21
Precinct,13,84,84,84
Precinct,14,16,16,16
Precinct,15,38,38,38
Precinct,16,47,47,47
Precinct,17,44,44,44
Precinct,18,40,40,40
Precinct,19,33,33,33
Precinct,20,18,18,18
Precinct,21,38,38,38
Precinct,22,41,41,41
Precinct,Voter Privacy,0,0,0
County,Union,295,295,295
Precinct,1,65,65,65
Precinct,4,77,77,77
Precinct,6,50,50,50
Precinct,7,58,58,58
Precinct,8,28,28,28
Precinct,9,17,17,17
Precinct,Voter Privacy,0,0,0
County,Valencia,3487,3487,3487
Precinct,1,18,18,18
Precinct,2,30,30,30
Precinct,3,77,77,77
Precinct,4,83,83,83
Precinct,5,71,71,71
Precinct,6,67,67,67
Precinct,7,80,80,80
Precinct,8,33,33,33
Precinct,9,96,96,96
Precinct,10,74,74,74
Precinct,11,128,128,128
Precinct,12,66,66,66
Precinct,13,8,8,8
Precinct,14,97,97,97
Precinct,15,52,52,52
Precinct,16,18,18,18
Precinct,17,58,58,58
Precinct,18,109,109,109
Precinct,19,79,79,79
Precinct,20,30,30,30
Precinct,21,42,42,42
Precinct,22,59,59,59
Precinct,23,35,35,35
Precinct,24,*,0,0
Precinct,25,26,26,26
Precinct,26,15,15,15
Precinct,27,68,68,68
Precinct,28,21,21,21
Precinct,29,48,48,48
Precinct,30,69,69,69
Precinct,31,43,43,43
Precinct,32,59,59,59
Precinct,33,24,24,24
Precinct,34,22,22,22
Precinct,35,47,47,47
Precinct,36,35,35,35
Precinct,37,44,44,44
Precinct,38,54,54,54
Precinct,39,90,90,90
Precinct,40,38,38,38
Precinct,41,56,56,56
Precinct,42,90,90,90
Precinct,43,64,64,64
Precinct,44,40,40,40
Precinct,45,50,50,50
Precinct,46,45,45,45
Precinct,47,65,65,65
Precinct,48,105,105,105
Precinct,49,40,40,40
Precinct,50,12,12,12
Precinct,51,46,46,46
Precinct,52,48,48,48
Precinct,53,53,53,53
Precinct,54,41,41,41
Precinct,55,86,86,86
Precinct,56,20,20,20
Precinct,57,87,87,87
Precinct,58,63,63,63
Precinct,59,36,36,36
Precinct,60,75,75,75
Precinct,61,72,72,72
Precinct,62,40,40,40
Precinct,63,35,35,35
Precinct,64,35,35,35
Precinct,65,36,36,36
Precinct,66,31,31,31
Precinct,Voter Privacy,*,*,3
