candidate_document_id,race_id,candidate_id,candidate_name,role,election_date,title,source_type,source_tier,publication_date,effective_date,source_url,live_url,archive_url,locator,analysis_scope,verification_status,notes
candidate-doc-andrew-edwards-ballotpedia-2016,me-house-39-dem-primary-2016,andrew-edwards,Andrew Edwards,opponent,2016-06-14,Andrew Edwards - Ballotpedia,candidate_profile,3,,,https://ballotpedia.org/Andrew_Edwards,https://ballotpedia.org/Andrew_Edwards,,,context_only,verified,Context-only discovery seed for Edwards biography/background. Keep out of main analysis support and paired-race sufficiency counts.
candidate-doc-portland-profile-edwards-2016,me-house-39-dem-primary-2016,andrew-edwards,Andrew Edwards,opponent,2016-06-14,House District 39: Two newcomers seek House nomination,candidate_profile,2,2016-05-30,2016-05-30,https://web.archive.org/web/20160607163830/http://www.pressherald.com/2016/05/30/hd-39-newcomers-seek-house-nomination/,https://www.pressherald.com/2016/05/30/hd-39-newcomers-seek-house-nomination/,https://web.archive.org/web/20160607163830/http://www.pressherald.com/2016/05/30/hd-39-newcomers-seek-house-nomination/,"range: Edwards, 29 => Sylvester, 46",analysis,verified,Shared Press Herald profile; scope to the Edwards section before the Sylvester heading.
candidate-doc-portland-profile-sylvester-2016,me-house-39-dem-primary-2016,mike-sylvester,Mike Sylvester,endorsed,2016-06-14,House District 39: Two newcomers seek House nomination,candidate_profile,2,2016-05-30,2016-05-30,https://web.archive.org/web/20160607163830/http://www.pressherald.com/2016/05/30/hd-39-newcomers-seek-house-nomination/,https://www.pressherald.com/2016/05/30/hd-39-newcomers-seek-house-nomination/,https://web.archive.org/web/20160607163830/http://www.pressherald.com/2016/05/30/hd-39-newcomers-seek-house-nomination/,"from: Sylvester, 46",analysis,verified,Shared Press Herald profile; scope from the Sylvester section through the end of the article.
candidate-doc-mike-connolly-platform-2016,ma-house-26th-middlesex-dem-primary-2016,mike-connolly,Mike Connolly,endorsed,2016-09-08,Our Progressive Platform,campaign_platform,1,2016-08-07,2016-08-07,http://web.archive.org/web/20160807044232/http://www.mikeconnolly.org:80/progressive_platform,http://www.mikeconnolly.org/progressive_platform,http://web.archive.org/web/20160807044232/http://www.mikeconnolly.org:80/progressive_platform,,analysis,verified,Archived 2016 platform page preserved in Wayback; use the archive snapshot as the fetch target and the original campaign page as the live reference.
candidate-doc-mike-connolly-scatv-2016,ma-house-26th-middlesex-dem-primary-2016,mike-connolly,Mike Connolly,endorsed,2016-09-08,Mike Connolly on SCATV,campaign_statement,1,2016-08-28,2016-08-28,http://web.archive.org/web/20160828215944/http://www.mikeconnolly.org:80/mike_connolly_scatv,https://www.mikeconnolly.org/mike_connolly_scatv,http://web.archive.org/web/20160828215944/http://www.mikeconnolly.org:80/mike_connolly_scatv,,analysis,verified,Archived first-party campaign post promoting Mike Connolly's SCATV appearance during the 2016 primary.
candidate-doc-mike-connolly-sierra-club-2016,ma-house-26th-middlesex-dem-primary-2016,mike-connolly,Mike Connolly,endorsed,2016-09-08,Endorsed by Sierra Club Massachusetts,campaign_statement,1,2016-08-30,2016-08-30,http://web.archive.org/web/20160830204857/http://www.mikeconnolly.org:80/endorsed_by_sierra_club_massachusetts,https://www.mikeconnolly.org/endorsed_by_sierra_club_massachusetts,http://web.archive.org/web/20160830204857/http://www.mikeconnolly.org:80/endorsed_by_sierra_club_massachusetts,,analysis,verified,Archived first-party campaign post highlighting the Sierra Club Massachusetts endorsement during the 2016 primary.
candidate-doc-debate-srt-connolly-2016,ma-house-26th-middlesex-dem-primary-2016,mike-connolly,Mike Connolly,endorsed,2016-09-08,Democratic Debate for MA State Representative SRT transcript,candidate_debate_transcript,2,2016-07-21,2016-07-21,https://archive.org/download/Democratic_Debate_for_MA_State_Representative/Democratic_Debate_for_MA_State_Representative.asr.srt,https://archive.org/details/Democratic_Debate_for_MA_State_Representative,,"time 00:02:21,220-00:03:21,260 | time 00:56:53,950-00:57:31,540",analysis,verified,Archive.org SRT captions for the televised debate; scope to Connolly's opening and closing statements.
candidate-doc-somerville-interview-connolly-2016,ma-house-26th-middlesex-dem-primary-2016,mike-connolly,Mike Connolly,endorsed,2016-09-08,Greater Somerville Election Special SRT transcript,candidate_interview_transcript,2,2016-07-19,2016-07-19,https://archive.org/download/Greater_Somerville_Election_Special_-_State_Representative_Tim_Toomey_and_Candidate_Mike_Connolly/Greater_Somerville_Election_Special_-_State_Representative_Tim_Toomey_and_Candidate_Mike_Connolly.asr.srt,https://archive.org/details/Greater_Somerville_Election_Special_-_State_Representative_Tim_Toomey_and_Candidate_Mike_Connolly,,"time 00:01:21,280-00:13:52,010",analysis,verified,Archive.org SRT captions for the Connolly profile/interview; scope to the candidate-specific interview window.
candidate-doc-somerville-qa-connolly-2016,ma-house-26th-middlesex-dem-primary-2016,mike-connolly,Mike Connolly,endorsed,2016-09-08,Q&A: Candidates for State Representative Twenty-sixth Middlesex District,candidate_questionnaire,2,2016-09-01,2016-09-01,https://www.thesomervilletimes.com/archives/70059,https://www.thesomervilletimes.com/archives/70059,,range: Mike Connolly => Tim Toomey,analysis,verified,Shared Somerville Times Q&A page; scope to the Connolly section through the paragraph before the Toomey heading. Structured API mirror: https://www.thesomervilletimes.com/wp-json/wp/v2/posts/70059.
candidate-doc-tim-toomey-transportation-2016,ma-house-26th-middlesex-dem-primary-2016,timothy-j-toomey-jr,"Timothy J. Toomey, Jr.",opponent,2016-09-08,Transportation,campaign_policy_page,1,2016-04-16,2016-04-16,http://web.archive.org/web/20160416122402/https://timtoomey.org/transportation/,https://timtoomey.org/transportation/,http://web.archive.org/web/20160416122402/https://timtoomey.org/transportation/,,analysis,verified,"Archived transportation issues page with Green Line, Grand Junction, and McGrath policy language."
candidate-doc-debate-srt-toomey-2016,ma-house-26th-middlesex-dem-primary-2016,timothy-j-toomey-jr,"Timothy J. Toomey, Jr.",opponent,2016-09-08,Democratic Debate for MA State Representative SRT transcript,candidate_debate_transcript,2,2016-07-21,2016-07-21,https://archive.org/download/Democratic_Debate_for_MA_State_Representative/Democratic_Debate_for_MA_State_Representative.asr.srt,https://archive.org/details/Democratic_Debate_for_MA_State_Representative,,"time 00:03:21,650-00:04:42,680 | time 00:57:34,530-00:58:29,300",analysis,verified,Archive.org SRT captions for the televised debate; scope to Toomey's opening and closing statements.
candidate-doc-somerville-interview-toomey-2016,ma-house-26th-middlesex-dem-primary-2016,timothy-j-toomey-jr,"Timothy J. Toomey, Jr.",opponent,2016-09-08,Greater Somerville Election Special SRT transcript,candidate_interview_transcript,2,2016-07-19,2016-07-19,https://archive.org/download/Greater_Somerville_Election_Special_-_State_Representative_Tim_Toomey_and_Candidate_Mike_Connolly/Greater_Somerville_Election_Special_-_State_Representative_Tim_Toomey_and_Candidate_Mike_Connolly.asr.srt,https://archive.org/details/Greater_Somerville_Election_Special_-_State_Representative_Tim_Toomey_and_Candidate_Mike_Connolly,,"time 00:13:52,020-00:28:34,280",analysis,verified,Archive.org SRT captions for the Toomey profile/interview; scope to the candidate-specific interview window.
candidate-doc-tim-toomey-homepage-2016,ma-house-26th-middlesex-dem-primary-2016,timothy-j-toomey-jr,"Timothy J. Toomey, Jr.",opponent,2016-09-08,Tim Toomey for State Representative,campaign_page,1,2016-08-28,2016-08-28,https://web.archive.org/web/20160828203156/https://timtoomey.org/,https://timtoomey.org/,https://web.archive.org/web/20160828203156/https://timtoomey.org/,,analysis,verified,Archived campaign homepage capture preserved in Wayback; the live domain now resolves to parking content.
candidate-doc-somerville-qa-toomey-2016,ma-house-26th-middlesex-dem-primary-2016,timothy-j-toomey-jr,"Timothy J. Toomey, Jr.",opponent,2016-09-08,Q&A: Candidates for State Representative Twenty-sixth Middlesex District,candidate_questionnaire,2,2016-09-01,2016-09-01,https://www.thesomervilletimes.com/archives/70059,https://www.thesomervilletimes.com/archives/70059,,from: Tim Toomey,analysis,verified,Shared Somerville Times Q&A page; scope from the Toomey heading through the end of the article. Structured API mirror: https://www.thesomervilletimes.com/wp-json/wp/v2/posts/70059.
a59abda1e6c559b28ddadf91,race-a47f2c44662b82173189,anita-prizio,Anita Prizio,endorsed,2017-05-16,Anita Prizio 2017 campaign issues,archived_campaign_platform,2,,2017-09-22,https://web.archive.org/web/20181108190712id_/https://ballotpedia.org/Anita_Prizio,https://ballotpedia.org/Anita_Prizio#Campaign_themes,https://web.archive.org/web/20181108190712id_/https://ballotpedia.org/Anita_Prizio,Campaign themes > 2017,analysis,verified,"Analysis locator/scope: Full quoted first-party platform text on constituent voice, transparency, fracking, affordable housing, and clean water. Ballotpedia identifies the source as the 2017 campaign Issues page, accessed 2017-09-22; original campaign URL is no longer fetchable."
dce2bcbaae31fe30f32ded93,race-0737ecc067d5cc0799e8,ali-khorasani,Ali Khorasani,endorsed,2018-03-06,Ali A. Khorasani Ballotpedia candidate survey,candidate_questionnaire,2,2018-02-26,2018-02-26,https://ballotpedia.org/Ali_Khorasani#Campaign_themes,https://ballotpedia.org/Ali_Khorasani#Campaign_themes,,Campaign themes > 2018 > Ballotpedia survey responses,analysis,verified,"Dated questionnaire completed eight days before the primary. Analysis locator/scope: Candidate-authored answers on Green New Deal, Medicare for All, public-school funding, criminal-justice reform, racial equality, reproductive rights, capitalism, term limits, and redistricting."
2e14072f4eb5ff26119f3156,race-0737ecc067d5cc0799e8,ali-khorasani,Ali Khorasani,endorsed,2018-03-06,Ali for Congress campaign site,archived_campaign_platform,1,,2018-02-09,https://web.archive.org/web/20180209101917id_/https://www.tx2.rocks/,https://www.tx2.rocks/,https://web.archive.org/web/20180209101917id_/https://www.tx2.rocks/,homepage and Issues navigation; snapshot 20180209101917,analysis,verified,"Campaign-domain snapshot taken before the primary; archive target is fetchable and preserves first-party provenance. Analysis locator/scope: First-party progressive framing and issue agenda: Green New Deal, Medicare for All, public education, racial justice, reproductive rights, labor rights, electoral reform, and taxes on the wealthy."
fc43372de9f9fc3cc8745c49,race-0737ecc067d5cc0799e8,silky-malik,Silky Malik,opponent,2018-03-06,So You Want to Be In Charge: Silky Malik (D) for Texas District 2,candidate_interview,2,2017-12-06,2017-12-06,https://web.archive.org/web/20180118215314id_/https://www.freepresshouston.com/so-you-want-to-be-in-charge-silky-malik-d-for-texas-district-2/,https://freepresshouston.com/so-you-want-to-be-in-charge-silky-malik-d-for-texas-district-2/,https://web.archive.org/web/20180118215314id_/https://www.freepresshouston.com/so-you-want-to-be-in-charge-silky-malik-d-for-texas-district-2/,full text Q&A; archive snapshot 20180118215314,analysis,verified,"Use the archive target: the live article currently displays an erroneous 2026 date, while the archived capture preserves the original 2017 publication context and 2018-race wording. Analysis locator/scope: Attributable answers on teacher tax deductions, the Windfall Elimination Provision, education costs, universal health care, and preserving the ACA."
31973f4931ecc6903dafcec0,race-0737ecc067d5cc0799e8,todd-litton,Todd Litton,opponent,2018-03-06,Todd Litton for Congress,archived_campaign_page,1,,2018-01-18,https://web.archive.org/web/20180118144058id_/https://toddlitton.com/,https://toddlitton.com/,https://web.archive.org/web/20180118144058id_/https://toddlitton.com/,homepage; snapshot 20180118144058,analysis,verified,"Campaign-domain snapshot taken before the primary; source remains recoverable despite the live domain TLS failure. Analysis locator/scope: First-party campaign framing around common sense and decency, inclusive representation, investment in all residents, and education/nonprofit service to children and families."
1a1280273cdf9ca331335c75,race-9ca784db2d625d8783bf,briana-urbina,Briana Urbina,opponent,2020-06-02,Briana Urbina Ballotpedia Candidate Connection survey,candidate_questionnaire,2,,,https://web.archive.org/web/20201123044732id_/https://ballotpedia.org/Briana_Urbina,https://ballotpedia.org/Briana_Urbina#Campaign_themes,https://web.archive.org/web/20201123044732id_/https://ballotpedia.org/Briana_Urbina,Campaign themes > 2019 Ballotpedia survey responses,analysis,verified,"Ballotpedia records the survey as completed in 2019 during the 2020 campaign; Urbina suspended the campaign in January 2020 but remained on the ballot. Analysis locator/scope: Candidate-authored priorities and values: affordable housing, Medicare for All, social justice, education, criminal-justice reform, civil rights, environmental justice, Green New Deal, honesty, inclusion, and family."
5ae5ff91646b31947576d2dd,race-9ca784db2d625d8783bf,vanessa-marie-hoffman,Vanessa Marie Hoffman,opponent,2020-06-02,"Voter guide: Vanessa Marie Hoffman, Congress, District 5",candidate_questionnaire,2,2020-05-18,2020-05-18,https://www.capitalgazette.com/2020/05/18/voter-guide-vanessa-marie-hoffman-congress-district-5/,https://www.capitalgazette.com/2020/05/18/voter-guide-vanessa-marie-hoffman-congress-district-5/,,full candidate Q&A,analysis,verified,"Published during the primary window; page contains the candidate responses in full text. Analysis locator/scope: Extensive attributable answers on climate, taxation, inequality, gun laws, ACA and health care, urban policy, opioids, immigration/DACA, trade, and foreign policy."
39e9fd29917510f44652fb58,race-dea57c83cdef4681dc1f,erik-simonson,Erik Simonson,opponent,2020-08-11,What a progressive DFLer’s primary victory in Duluth says — and doesn’t say — about politics and environmental policy in northern Minnesota,attributable_interview,2,2020-08-13,2020-08-11,https://www.minnpost.com/greater-minnesota/2020/08/what-a-progressive-dflers-primary-victory-in-duluth-says-and-doesnt-say-about-politics-and-environmental-policy-in-northern-minnesota/,https://www.minnpost.com/greater-minnesota/2020/08/what-a-progressive-dflers-primary-victory-in-duluth-says-and-doesnt-say-about-politics-and-environmental-policy-in-northern-minnesota/,,Replacing a moderate Democrat; direct Simonson quotation,analysis,verified,"Published two days after the primary but reports and quotes the campaign-defining positions; suitable for primary discourse analysis with this timing caveat. Analysis locator/scope: Directly attributable Simonson position on a slower fossil-fuel transition and baseload power, plus documented campaign positions supporting PolyMet and contrasting with McEwen on mining and clean-energy timing."
082ad0a62925b1b2938e2669,race-dea57c83cdef4681dc1f,jen-mcewen,Jen McEwen,endorsed,2020-08-11,Jen McEwen Ballotpedia Candidate Connection survey,candidate_questionnaire,2,,2020,https://web.archive.org/web/20201130033543id_/https://ballotpedia.org/Jen_McEwen,https://ballotpedia.org/Jen_McEwen#Campaign_themes,https://web.archive.org/web/20201130033543id_/https://ballotpedia.org/Jen_McEwen,Campaign themes > 2020 Ballotpedia survey responses,analysis,verified,"Ballotpedia records the survey as completed in 2020; substantive answers are tied directly to the Senate District 7 campaign. Analysis locator/scope: Candidate-authored case for single-payer Medicare for All/Minnesota Health Plan, secure housing, clean-energy transition, community advocacy, and Duluth-first representation."
1d0c20a17084e42deed81f4c,race-02c4c65549e1b95a5ad9,cynthia-mota,Cynthia Mota,opponent,2021-05-18,The Morning Call Allentown City Council candidate forum,candidate_forum,2,2021-04-22,2021-04-22,https://www.mcall.com/2021/04/22/the-morning-call-held-an-allentown-city-council-candidate-forum-thursday-watch-a-replay/,https://www.mcall.com/2021/04/22/the-morning-call-held-an-allentown-city-council-candidate-forum-thursday-watch-a-replay/,,forum replay; Cynthia Mota participant,analysis,verified,"The article confirms Mota participated and summarizes the questions; replay is embedded/linked from the page. Analysis locator/scope: Candidate discussion of jobs, housing, taxes, policing, COVID-19 governance, American Rescue Plan spending, homelessness, small business, and youth opportunities."
9a93d89e89a7bdd737f95e64,race-02c4c65549e1b95a5ad9,daryl-l-hendricks,Daryl L Hendricks,opponent,2021-05-18,The Morning Call Allentown City Council candidate forum,candidate_forum,2,2021-04-22,2021-04-22,https://www.mcall.com/2021/04/22/the-morning-call-held-an-allentown-city-council-candidate-forum-thursday-watch-a-replay/,https://www.mcall.com/2021/04/22/the-morning-call-held-an-allentown-city-council-candidate-forum-thursday-watch-a-replay/,,forum replay; Daryl Hendricks participant,analysis,verified,"The article confirms Hendricks participated and summarizes the questions; replay is embedded/linked from the page. Analysis locator/scope: Candidate discussion of jobs, housing, taxes, policing, COVID-19 governance, American Rescue Plan spending, homelessness, small business, and youth opportunities."
94550148a54e3cd4f95cbcff,race-02c4c65549e1b95a5ad9,ed-zucal,Ed Zucal,opponent,2021-05-18,The Morning Call Allentown City Council candidate forum,candidate_forum,2,2021-04-22,2021-04-22,https://www.mcall.com/2021/04/22/the-morning-call-held-an-allentown-city-council-candidate-forum-thursday-watch-a-replay/,https://www.mcall.com/2021/04/22/the-morning-call-held-an-allentown-city-council-candidate-forum-thursday-watch-a-replay/,,forum replay; Ed Zucal participant,analysis,verified,"The article confirms Zucal participated and summarizes the questions; replay is embedded/linked from the page. Analysis locator/scope: Candidate discussion of jobs, housing, taxes, policing, COVID-19 governance, American Rescue Plan spending, homelessness, small business, and youth opportunities."
5e8e831486faa463fb320b58,race-02c4c65549e1b95a5ad9,erik-rodriguez,Erik Rodriguez,opponent,2021-05-18,The Morning Call Allentown City Council candidate forum,candidate_forum,2,2021-04-22,2021-04-22,https://www.mcall.com/2021/04/22/the-morning-call-held-an-allentown-city-council-candidate-forum-thursday-watch-a-replay/,https://www.mcall.com/2021/04/22/the-morning-call-held-an-allentown-city-council-candidate-forum-thursday-watch-a-replay/,,forum replay; Erik Rodriguez participant,analysis,verified,"Input contains Erik Rodriguez in both endorsed and opponent roles; this duplicate-role row preserves exact input coverage using the same verified forum source. Analysis locator/scope: Candidate discussion of jobs, housing, taxes, policing, COVID-19 governance, American Rescue Plan spending, homelessness, small business, and youth opportunities."
678e7e4e486b33eb3cbcbc78,race-02c4c65549e1b95a5ad9,justan-fields,Justan Fields,opponent,2021-05-18,"Allentown City Council race: 9 Democrats, 1 Republican vying for 4 seats",attributable_campaign_profile,2,2021-03-15,2021-03-15,https://www.mcall.com/2021/03/15/allentown-city-council-race-9-democrats-1-republican-vying-for-4-seats/,https://www.mcall.com/2021/03/15/allentown-city-council-race-9-democrats-1-republican-vying-for-4-seats/,,Heading “Justan Parker Fields”,analysis,verified,"Campaign-window overview based on candidate announcements and attributed statements; suitable for candidate-level issue coding, though edited and reported by journalism rather than published by the campaign. Source uses the fuller name Justan Parker Fields. Analysis locator/scope: public safety, police-budget reallocation, mental-health response, housing-first policy"
b8a70a497018c74b7d668980,race-02c4c65549e1b95a5ad9,natalie-santos,Natalie Santos,opponent,2021-05-18,"Allentown City Council race: 9 Democrats, 1 Republican vying for 4 seats",attributable_campaign_profile,2,2021-03-15,2021-03-15,https://www.mcall.com/2021/03/15/allentown-city-council-race-9-democrats-1-republican-vying-for-4-seats/,https://www.mcall.com/2021/03/15/allentown-city-council-race-9-democrats-1-republican-vying-for-4-seats/,,Heading “Natalie Santos”,analysis,verified,"Campaign-window overview based on candidate announcements and attributed statements; suitable for candidate-level issue coding, though edited and reported by journalism rather than published by the campaign. Article links the campaign’s then-live joint platform, now offline. Analysis locator/scope: racial and social equity, youth representation, homelessness, apprenticeships, responsible contracting, climate"
56e0b58669fe3ad72f13d30a,race-02c4c65549e1b95a5ad9,patrick-palmer,Patrick Palmer,opponent,2021-05-18,"Allentown City Council race: 9 Democrats, 1 Republican vying for 4 seats",attributable_campaign_profile,2,2021-03-15,2021-03-15,https://www.mcall.com/2021/03/15/allentown-city-council-race-9-democrats-1-republican-vying-for-4-seats/,https://www.mcall.com/2021/03/15/allentown-city-council-race-9-democrats-1-republican-vying-for-4-seats/,,Heading “Patrick Palmer”,analysis,verified,"Campaign-window overview based on candidate announcements and attributed statements; suitable for candidate-level issue coding, though edited and reported by journalism rather than published by the campaign. A separate 2021 Lehigh Valley Stands Up questionnaire is indexed on Scribd, but the newspaper profile is more directly fetchable. Analysis locator/scope: city finances, mental health, homelessness and housing insecurity, youth anti-violence programs"
1bbde6fdbf003ae700da9e88,race-02c4c65549e1b95a5ad9,santo-napoli,Santo Napoli,opponent,2021-05-18,"Allentown City Council race: 9 Democrats, 1 Republican vying for 4 seats",attributable_campaign_profile,2,2021-03-15,2021-03-15,https://www.mcall.com/2021/03/15/allentown-city-council-race-9-democrats-1-republican-vying-for-4-seats/,https://www.mcall.com/2021/03/15/allentown-city-council-race-9-democrats-1-republican-vying-for-4-seats/,,Heading “Santo Napoli”,analysis,verified,"Campaign-window overview based on candidate announcements and attributed statements; suitable for candidate-level issue coding, though edited and reported by journalism rather than published by the campaign. Article also links his then-live official campaign site. Analysis locator/scope: small business, entrepreneurship, jobs, landlord standards, housing code enforcement, city finances"
1af7681481c47290e8673c71,race-02c4c65549e1b95a5ad9,tino-babayan,Tino Babayan,opponent,2021-05-18,"Allentown City Council race: 9 Democrats, 1 Republican vying for 4 seats",attributable_campaign_profile,2,2021-03-15,2021-03-15,https://www.mcall.com/2021/03/15/allentown-city-council-race-9-democrats-1-republican-vying-for-4-seats/,https://www.mcall.com/2021/03/15/allentown-city-council-race-9-democrats-1-republican-vying-for-4-seats/,,Heading “Tino Babayan”,analysis,verified,"Campaign-window overview based on candidate announcements and attributed statements; suitable for candidate-level issue coding, though edited and reported by journalism rather than published by the campaign. Analysis locator/scope: affordable housing, youth programs, community-oriented policing, opposition to police defunding"
57289b354a96ffd2a0de4f39,race-8d1e88972b7232ea26d0,elspeth-koehle,Elspeth Koehle,endorsed,2021-05-18,Democrat Elspeth Koehle: the race for Erie City Council,candidate_questionnaire_interview,1,2021-04-29,2021-04-29,https://web.archive.org/web/20210501140122id_/https://www.goerie.com/story/news/local/2021/04/29/democrat-elspeth-koehle-race-erie-city-council/7392072002/,https://www.goerie.com/story/news/local/2021/04/29/democrat-elspeth-koehle-race-erie-city-council/7392072002/,https://web.archive.org/web/20210501140122id_/https://www.goerie.com/story/news/local/2021/04/29/democrat-elspeth-koehle-race-erie-city-council/7392072002/,Candidate quotation and headings beginning “What unique ability or skill would you bring to City Council?”,analysis,verified,"Contemporaneous Erie Times-News questionnaire reproduces Koehle’s edited first-person responses and is directly fetchable. Analysis locator/scope: anti-racism, equitable development, housing, wages and taxes, community benefits, crisis response, police oversight, transit"
14294f3119e2a8c225c4f1a6,race-8d1e88972b7232ea26d0,liz-allen,Liz Allen,opponent,2021-05-18,Democrat Liz Allen: the race for Erie City Council,candidate_questionnaire_interview,1,2021-04-29,2021-04-29,https://web.archive.org/web/20210430142024id_/https://www.goerie.com/story/news/local/2021/04/29/democrat-liz-allen-race-erie-city-council/7388188002/,https://www.goerie.com/story/news/local/2021/04/29/democrat-liz-allen-race-erie-city-council/7388188002/,https://web.archive.org/web/20210430142024id_/https://www.goerie.com/story/news/local/2021/04/29/democrat-liz-allen-race-erie-city-council/7388188002/,Headings beginning “What unique ability or skill would you bring to City Council?”,analysis,verified,"Contemporaneous Erie Times-News questionnaire reproduces Allen’s edited first-person responses and is directly fetchable. Analysis locator/scope: budget, revenue, ARP spending, racial equity, housing and homelessness, health and child care, broadband, police oversight, development"
1c58bd6db041818b90dd137e,race-8d1e88972b7232ea26d0,maurice-mo-troop,"Maurice ""Mo"" Troop",opponent,2021-05-18,Democrat Maurice Troop: the race for Erie City Council,candidate_questionnaire_interview,1,2021-04-29,2021-04-29,https://web.archive.org/web/20210516130843id_/https://www.goerie.com/story/news/local/2021/04/29/democrat-maurice-troop-race-erie-city-council/7380098002/,https://www.goerie.com/story/news/local/2021/04/29/democrat-maurice-troop-race-erie-city-council/7380098002/,https://web.archive.org/web/20210516130843id_/https://www.goerie.com/story/news/local/2021/04/29/democrat-maurice-troop-race-erie-city-council/7380098002/,Headings beginning “What unique ability or skill would you bring to City Council?”,analysis,verified,"Contemporaneous Erie Times-News questionnaire reproduces Troop’s edited first-person responses and is directly fetchable. Analysis locator/scope: candidate priorities and responses on city finance, ARP spending, policing and development"
747e32810f2628fa223b3e92,race-c6bb913e7ac75477d6b5,maurice-mo-troop,Maurice Mo Troop,opponent,2021-05-18,Democrat Maurice Troop: the race for Erie City Council,candidate_questionnaire_interview,1,2021-04-29,2021-04-29,https://web.archive.org/web/20210516130843id_/https://www.goerie.com/story/news/local/2021/04/29/democrat-maurice-troop-race-erie-city-council/7380098002/,https://www.goerie.com/story/news/local/2021/04/29/democrat-maurice-troop-race-erie-city-council/7380098002/,https://web.archive.org/web/20210516130843id_/https://www.goerie.com/story/news/local/2021/04/29/democrat-maurice-troop-race-erie-city-council/7380098002/,Headings beginning “What unique ability or skill would you bring to City Council?”,analysis,verified,"Same candidate and 2021 Erie City Council campaign as the quoted-name record; contemporaneous questionnaire is directly fetchable. Analysis locator/scope: candidate priorities and responses on city finance, ARP spending, policing and development"
80ef15eab2a3e3927132f3c1,race-4a705a0766bb6d4c5478,giselle-martinez,Giselle Martinez,endorsed,2021-06-22,"Giselle Martinez — Newburgh City Council, Ward 1, NY",endorsing_organization_candidate_profile,2,,2021-06-22,https://directory.runforsomething.net/candidate/1756/martinez-giselle/,https://directory.runforsomething.net/candidate/1756/martinez-giselle/,,"Profile body, especially final paragraph beginning “Martinez’s platform”",analysis,verified,"Run for Something’s preserved 2021 endorsement profile summarizes the candidate’s platform and biography; attributable campaign-era profile, but not first-party publication. Analysis locator/scope: housing, infrastructure, environment, immigrant and women’s rights, racial equity"
1adf5b5e8bbe9927cbc73a9a,race-b9eae99f1bef8d552966,mariam-khan,Mariam Khan,endorsed,2021-09-14,‘A force that is hopeful’: Why 2 Hamden teens seek public office,attributable_interview,2,2021-08-03,2021-08-03,https://www.nhregister.com/news/article/A-force-that-is-hopeful-Why-2-Hamden-teens-16358684.php,https://www.nhregister.com/news/article/A-force-that-is-hopeful-Why-2-Hamden-teens-16358684.php,,"Mariam Khan interview passages beginning “I think there’s so much opportunity here” and discussing Eid al-Fitr, student/family engagement, equity, and mental health",analysis,verified,Live Hearst page is retrievable as HTML and contains direct quotations and attributed paraphrases from Khan during the campaign window. Analysis locator/scope: Candidate-attributed policy statements in a pre-primary reported interview
f1bd326629f3dfb404231a9f,national-rec0ntzcTu773zMP5-dem-primary,dennis-mcdermott,Dennis McDermott,endorsed,2023-05-16,"Allegheny County Council, District 11: A guide to the 2023 primary between Klein and McDermott",candidate_questionnaire,2,2023-04-18,2023-04-18,https://www.wesanews.org/wesa-voter-guide/2023-04-18/allegheny-county-council-district-11-klein-mcdermott,https://www.wesa.fm/wesa-voter-guide/2023-04-18/allegheny-county-council-district-11-klein-mcdermott,,Dennis McDermott — WESA Candidate Survey,analysis,verified,"WESA voter guide preserves McDermott’s verbatim pre-primary survey answers; live WESA URL redirects to the current WESA News domain. Analysis locator/scope: Full candidate-authored survey responses on climate, taxation, environmental regulation, detention facilities, and council power/resources"
5ee7b9f3e0165b375549eedc,national-rec0ntzcTu773zMP5-dem-primary,paul-klein,Paul Klein,opponent,2023-05-16,"Allegheny County Council, District 11: A guide to the 2023 primary between Klein and McDermott",candidate_questionnaire,2,2023-04-18,2023-04-18,https://www.wesanews.org/wesa-voter-guide/2023-04-18/allegheny-county-council-district-11-klein-mcdermott,https://www.wesa.fm/wesa-voter-guide/2023-04-18/allegheny-county-council-district-11-klein-mcdermott,,Paul Klein — WESA Candidate Survey,analysis,verified,"WESA voter guide preserves Klein’s verbatim pre-primary survey answers; live WESA URL redirects to the current WESA News domain. Analysis locator/scope: Full candidate-authored survey responses on social equity, taxation, pollution, detention facilities, and council power/resources"
595c60d69ae4416a1e9b1cd9,national-recihG0fIKbvStGIg-dem-primary,deb-gross,Deb Gross,endorsed,2023-05-16,"Pittsburgh City Council, District 7: A guide to the 2023 primary between Botta and Gross",candidate_questionnaire,2,2023-04-18,2023-04-18,https://www.wesanews.org/wesa-voter-guide/2023-04-18/pittsburgh-city-council-district-7-botta-gross,https://www.wesa.fm/wesa-voter-guide/2023-04-18/pittsburgh-city-council-district-7-botta-gross,,Deb Gross — WESA Candidate Survey,analysis,verified,"WESA voter guide preserves Gross’s verbatim pre-primary survey answers; live WESA URL redirects to the current WESA News domain. Analysis locator/scope: Full candidate-authored survey responses on municipal services, affordability, youth violence, housing, and policing"
9de5ac167261e55fe6ff372e,national-recihG0fIKbvStGIg-dem-primary,jordan-botta,Jordan Botta,opponent,2023-05-16,"Pittsburgh City Council, District 7: A guide to the 2023 primary between Botta and Gross",candidate_questionnaire,2,2023-04-18,2023-04-18,https://www.wesanews.org/wesa-voter-guide/2023-04-18/pittsburgh-city-council-district-7-botta-gross,https://www.wesa.fm/wesa-voter-guide/2023-04-18/pittsburgh-city-council-district-7-botta-gross,,Jordan Botta — WESA Candidate Survey,analysis,verified,"WESA voter guide preserves Botta’s verbatim pre-primary survey answers; live WESA URL redirects to the current WESA News domain. Analysis locator/scope: Full candidate-authored survey responses on equitable development, district services, youth violence, housing, and policing"
758e006e6b5b9d988e5525a2,race-e7ab577213f4505717ec,maurice-brown,Maurice Brown,endorsed,2023-06-27,"Maurice Brown, Onondaga Legislator candidate, emphasizes community values",candidate_op_ed,2,2023-03-13,2023-03-13,https://dailyorange.com/2023/03/maurice-brown-onondaga-legislator-candidate-emphasizes-community-values/,https://dailyorange.com/2023/03/maurice-brown-onondaga-legislator-candidate-emphasizes-community-values/,,"Entire signed first-person essay; especially housing, transportation, public health, county budgeting, race, and class passages",analysis,verified,The Daily Orange hosts a signed first-person statement by Brown and links his campaign priorities/site; suitable as attributable campaign text. Analysis locator/scope: Full candidate-authored campaign essay published before the Democratic primary
ce3d439b44e53726ccbcb027,race-e7ab577213f4505717ec,tim-rudd,Tim Rudd,opponent,2023-06-27,Tim Rudd: Growing Syracuse’s urban core improves economy for all,candidate_op_ed,1,2023-06-20,,https://web.archive.org/web/20230624171610/https://www.syracuse.com/opinion/2023/06/tim-rudd-growing-syracuses-urban-core-improves-economy-for-all-your-letters.html,https://www.syracuse.com/opinion/2023/06/tim-rudd-growing-syracuses-urban-core-improves-economy-for-all-your-letters.html,https://web.archive.org/web/20230624171610/https://www.syracuse.com/opinion/2023/06/tim-rudd-growing-syracuses-urban-core-improves-economy-for-all-your-letters.html,Full candidate-authored letter; housing/density and aquarium sections,analysis,verified,Candidate-authored campaign-window letter; archived target is fetchable because the live page blocks automated access. Analysis locator/scope: Full text
5624f08920299acd69e0ec7d,race-dd06d2c4839b786be1bd,jeremy-sylestine,Jeremy Sylestine,opponent,2024-03-05,Travis County District Attorney race: Jeremy Sylestine prepares for primary,candidate_interview,2,2024-02-15,,https://web.archive.org/web/20240423043255/https://www.axios.com/local/austin/2024/02/15/jeremy-sylestine-travis-county-district-attorney,https://www.axios.com/local/austin/2024/02/15/jeremy-sylestine-travis-county-district-attorney,https://web.archive.org/web/20240423043255/https://www.axios.com/local/austin/2024/02/15/jeremy-sylestine-travis-county-district-attorney,Q&A from “Why are you running?” through “What are your goals for the office?”,analysis,verified,"Attributable campaign-window Q&A covering prosecution, police relations, domestic violence, child abuse, case backlog, and party positioning. Archived target is used because direct automated requests to Axios return HTTP 403. Analysis locator/scope: Candidate answers only"
36d55e908d5955a63ef1527f,race-dd06d2c4839b786be1bd,jeremy-sylestine,Jeremy Sylestine,opponent,2024-03-05,Democratic primary for Travis County DA,candidate_interview,2,2024-02-20,,https://www.fox7austin.com/news/travis-county-district-attorney-race-jose-garza-jeremy-sylestine,https://www.fox7austin.com/news/travis-county-district-attorney-race-jose-garza-jeremy-sylestine,,All direct quotations attributed to Sylestine,analysis,verified,"Paired-candidate campaign report with extensive attributable remarks on Garza, trials, police prosecutions, experience, and donor support. Analysis locator/scope: Sylestine remarks only"
8d8b46eca4f3c799f9c69f18,race-d45c9105a9d86f541f3d,marcela-mitaynes,Marcela Mitaynes,endorsed,2024-06-25,Assemblymember Marcela Mitaynes — official biography and priorities,official_office_page_archived,1,,2024-06-05,https://web.archive.org/web/20240605175409/https://nyassembly.gov/mem/Marcela-Mitaynes,https://nyassembly.gov/mem/Marcela-Mitaynes,https://web.archive.org/web/20240605175409/https://nyassembly.gov/mem/Marcela-Mitaynes,Full archived page,analysis,verified,"Official Assembly page captured during the campaign window; substantive first-party language on tenant organizing, housing, health care, energy, and working-class power. Analysis locator/scope: Full text"
8d0652414c22068c58dc5764,national-reciWW5o3Sg5OjAgj-dem-primary,jorge-defendini,Jorge DeFendini,endorsed,2025-06-24,Former Alderperson Jorge DeFendini launches campaign for First Ward seat,candidate_interview,2,2025-01-24,,https://ithacavoice.org/2025/01/former-alderperson-jorge-defendini-launches-campaign-for-first-ward-seat/,https://ithacavoice.org/2025/01/former-alderperson-jorge-defendini-launches-campaign-for-first-ward-seat/,,Initial campaign-launch portion; stop before later general-election update,analysis,verified,"Attributable launch interview on affordability, employment stability, housing, organizing, rent stabilization, and DSA background; page later received a general-election update. Analysis locator/scope: Candidate quotations and stated priorities"
a67e93bf2366da133afa61b4,race-0159b30b2abfcca8ea6b,ling-ye,Ling Ye,opponent,2025-06-24,Meet Your Candidates: Alexa Avilés and Ling Ye for City Council District 38,candidate_interview,2,2025-04-08,,https://www.bkreader.com/newsletter/meet-your-candidates-alexa-aviles-and-ling-ye-for-city-council-district-38-10485822,https://www.bkreader.com/newsletter/meet-your-candidates-alexa-aviles-and-ling-ye-for-city-council-district-38-10485822,,All passages and quotations attributed to Ling Ye,analysis,verified,"Direct comparative interview especially suited to DSA-vs-Democratic-primary analysis; covers party strategy, housing, developers, taxation, policing, Cuomo, Israel/Palestine, and working-class representation. Analysis locator/scope: Ye remarks only"
a98caa9619459560c79e52cb,race-0159b30b2abfcca8ea6b,ling-ye,Ling Ye,opponent,2025-06-24,NYC Primaries: Meet the candidates for Brooklyn’s City Council District 38,candidate_questionnaire_statement,2,2025-06-10,,https://www.brooklynpaper.com/nyc-primaries-candidates-council-district-38/,https://www.brooklynpaper.com/nyc-primaries-candidates-council-district-38/,,“Ling Ye” candidate section,analysis,verified,"Campaign-supplied statement and attributable answers on public safety, housing, education, small business, climate, taxes, service, and results. Analysis locator/scope: Ye statement and platform only"
a68046a28004f5b5be052bdc,race-9c84c4f62bbebc0b7b7d,deborah-fisher,Deborah Fisher,opponent,2025-06-24,"Deborah Fisher, Ithaca Common Council candidate (Ward 5)",candidate_interview_audio,2,2025-03-05,,https://607newsnow.com/podcasts/deborah-fisher-ithaca-common-council-candidate-ward-5/,https://607newsnow.com/podcasts/deborah-fisher-ithaca-common-council-candidate-ward-5/,,Embedded WHCU/SoundCloud interview,analysis,verified,"Campaign-window candidate interview on Cornell-Ithaca relations, taxes, affordable housing, and reasons for running. Analysis locator/scope: Full candidate interview"
7301220e656b571c0ab0bb38,race-9c84c4f62bbebc0b7b7d,g-p-zurenda-jr,G. P. Zurenda Jr.,opponent,2025-06-24,G. P. Zurenda ’88 Joins the Race for the Fifth Ward Common Council Seat,candidate_interview,2,2025-03-19,,https://www.cornellsun.com/article/2025/03/g-p-zurenda-88-joins-the-race-for-the-fifth-ward-common-council-seat,https://www.cornellsun.com/article/2025/03/g-p-zurenda-88-joins-the-race-for-the-fifth-ward-common-council-seat,,All quotations and platform passages attributed to Zurenda,analysis,verified,"Detailed campaign-window interview on taxes, housing, abatements, Cornell, budgeting, the Green New Deal, landlords, and middle-class retention. Analysis locator/scope: Zurenda remarks only"
20e3c37da0d61a3f216dffdb,race-9c84c4f62bbebc0b7b7d,hannah-shvets,Hannah Shvets,endorsed,2025-06-24,"Hannah Shvets ’27 Launches Common Council Campaign, Focuses on Labor and Housing Reform",candidate_interview,2,2025-02-08,,https://www.cornellsun.com/article/2025/02/hannah-shvets-27-launches-common-council-campaign-focuses-on-labor-and-housing-reform,https://www.cornellsun.com/article/2025/02/hannah-shvets-27-launches-common-council-campaign-focuses-on-labor-and-housing-reform,,Candidate platform and direct quotations,analysis,verified,"Campaign-launch interview with substantive labor, tenant, housing, affordability, and organizing positions. Analysis locator/scope: Shvets remarks only"
2e5f5f03e73384d2783fe825,race-ceb86db4c84836622c21,clifford-a-florence-jr,"Clifford A Florence, Jr",opponent,2025-06-24,Rochester City Council Primary 2025,debate_video,2,2025-06-10,,https://www.youtube.com/watch?v=Lzs9KzZI4Ww,https://www.youtube.com/watch?v=Lzs9KzZI4Ww,,LWV Rochester Metropolitan Area video; description names Clifford Florence Jr. as a participant; 1:42:14 full debate,analysis,verified,"Official League of Women Voters Democratic-primary debate. Auto-generated English captions are exposed by YouTube, though no stable text transcript URL was available. Analysis locator/scope: Florence answers only"
bfc5b0f61ca5009d3fbcb568,race-ceb86db4c84836622c21,niner-m-davis,Niner M Davis,opponent,2025-06-24,Rochester City Council Primary 2025,debate_video,2,2025-06-10,,https://www.youtube.com/watch?v=Lzs9KzZI4Ww,https://www.youtube.com/watch?v=Lzs9KzZI4Ww,,LWV Rochester Metropolitan Area video; description names Niner Davis as a participant; 1:42:14 full debate,analysis,verified,"Official League of Women Voters Democratic-primary debate. Auto-generated English captions are exposed by YouTube, though no stable text transcript URL was available. Analysis locator/scope: Davis answers only"
4bf919f3edc17f4a43328f37,race-ceb86db4c84836622c21,tonya-noel-stevens,Tonya Noel Stevens,opponent,2025-06-24,New faces vying to join Rochester City Council,campaign_announcement_remarks,2,2025-01-21,,https://13wham.com/news/local/new-faces-vying-to-join-rochester-city-council,https://13wham.com/news/local/new-faces-vying-to-join-rochester-city-council,,Tonya-Noel Stevens quotation and People’s State campaign description,analysis,verified,Same input candidate appears with both endorsed and opponent roles; source is retained for role-level coverage. Analysis locator/scope: Stevens remarks and campaign framing only
9f35ad3583374a581e28a234,race-a392fccdcf3d58c3c5a9,james-sinex,James Sinex,opponent,2025-08-05,"Ward 6 primary election guide: Tucson City Council candidates on budget, housing and roads",candidate_interview,2,2025-07-10,,https://azluminaria.org/2025/07/10/tucson-ward-6-city-council-election-2025/,https://azluminaria.org/2025/07/10/tucson-ward-6-city-council-election-2025/,,"Intro and every “Sinex” subsection under budget, housing/homelessness, and roads",analysis,verified,"Extensive attributable primary guide covering solar revenue, desert limits, homelessness, service dispatch, road planning, contracting, and civil service. Analysis locator/scope: Sinex answers only"
edbb9bcc48983fc1ad432a7b,race-a392fccdcf3d58c3c5a9,leighton-h-rockafellow-jr,"Leighton H. Rockafellow, Jr.",opponent,2025-08-05,"Ward 6 primary election guide: Tucson City Council candidates on budget, housing and roads",candidate_interview,2,2025-07-10,,https://azluminaria.org/2025/07/10/tucson-ward-6-city-council-election-2025/,https://azluminaria.org/2025/07/10/tucson-ward-6-city-council-election-2025/,,"Intro and every “Rockafellow” subsection under budget, housing/homelessness, and roads",analysis,verified,"Extensive attributable primary guide covering core services, homelessness, shelter, coordination, rent aid, policing, transit, pedestrian infrastructure, and RTA Next. Analysis locator/scope: Rockafellow answers only"
7fc2314054dd9b104c6a6018,race-9a964e5d79326deb3255,chedrick-greene,Chedrick Greene,opponent,2026-02-03,Meet Chedrick — Chedrick Greene for Michigan State Senate District 35,archived_campaign_page,1,,2026-02-04,https://web.archive.org/web/20260204024542/https://chedrickgreene.com/,https://chedrickgreene.com/,https://web.archive.org/web/20260204024542/https://chedrickgreene.com/,"Wayback capture 20260204024542 UTC, during election-night hours",analysis,verified,"Direct archive fetch verified. Snapshot was captured hours after the 2026-02-03 primary and preserves the election-period homepage. Analysis locator/scope: First-party biography and campaign framing: Marine and fire-service record, union identity, working-class leadership, rights, costs, and opportunity."
2cb743dd4fb29f291fd8b171,race-14d53ce965776b0cb235,andrew-hairston,Andrew Hairston,endorsed,2026-03-03,"Andrew Hairston for Justice of the Peace, Precinct 1",archived_campaign_page,1,,2026-02-23,https://web.archive.org/web/20260223193939/https://www.hairstonforpeace.com/,https://www.hairstonforpeace.com/,https://web.archive.org/web/20260223193939/https://www.hairstonforpeace.com/,Wayback capture 20260223193939 UTC,analysis,verified,"Direct archive fetch verified; live campaign domain no longer resolves. Snapshot is eight days before the primary. Analysis locator/scope: First-party campaign statement covering identity, democratic-socialist orientation, care-not-punishment justice, housing stability, community safety, dignity, and integrity."
3723898d380884165114d783,race-14d53ce965776b0cb235,andrew-hairston,Andrew Hairston,endorsed,2026-03-03,Hairston for Peace: No One is Disposable,campaign_interview,2,2026-02-24,2026-02-24,https://www.youtube.com/watch?v=hQpD_9rJjQU,https://www.youtube.com/watch?v=hQpD_9rJjQU,,YouTube video hQpD_9rJjQU; Austin DSA Batcast,analysis,verified,"YouTube title and upload date were directly verified. Spoken source is suitable via video/audio and available captions. Analysis locator/scope: Attributable candidate interview on Justice of the Peace powers, campaign motivation, democratic-socialist governance, tenant and working-class accountability, and care-centered justice."
39d2b4155f71ebe4682f7754,race-14d53ce965776b0cb235,ciara-parks,Ciara Parks,opponent,2026-03-03,Ciara Parks for Justice of the Peace | Vote for Fair Justice - Get Involved Today,official campaign priorities,1,,2026-03-03,https://www.ciaraforjp1.com/#priorities,https://www.ciaraforjp1.com/#priorities,,Priorities section on campaign homepage,analysis,verified,"Live first-party page; text discusses dignity, restorative approaches, root causes, and alternatives to incarceration. URL and content verified 2026-08-20. Analysis locator/scope: candidate-authored campaign rationale and justice-system priorities"
2803efa43d9299a5f4f1dc1c,race-4999db34a0dac2410460,benjamin-ben-mcadams,"Benjamin ""Ben"" McAdams",endorsed,2026-03-17,Platform | Ben McAdams for IL Senate 24,official campaign platform,1,,2026-03-17,https://www.mcadamsforil.com/platform,https://www.mcadamsforil.com/platform,,Platform page,analysis,verified,"Live first-party platform with substantive positions on immigration and due process, civil rights, climate, healthcare, taxation, labor, and Palestine/BDS. Identity is the Illinois candidate, not the former Utah officeholder. URL and content verified 2026-08-20. Analysis locator/scope: candidate-authored full policy platform"
cfad2e3ee4e620f2884a591f,race-3db62fccce64bbd64336,edith-m-ladipo,Edith M. Ladipo,opponent,2026-05-19,"Edith M. Ladipo platform & website | Georgia State Representative, District 58, Democratic Primary",attributable candidate profile,2,,2026-03-11,https://branch.vote/races/2026-georgia-primary-election-ga-state-state-representative-ga-house-58-d/candidates/edith-m-ladipo,https://branch.vote/races/2026-georgia-primary-election-ga-state-state-representative-ga-house-58-d/candidates/edith-m-ladipo,,"Issue sections; Branch labels website checks as of March 11, 2026",analysis,verified,"Fetchable Branch profile preserves substantive positions on workforce development, small business, blight/illegal dumping, police visibility, and at-risk residents. It links the first-party domain voteladipo4change.com, which no longer resolves. URL and content verified 2026-08-20. Analysis locator/scope: website-derived issue positions"
d868601773e4cdad3dcf7169,race-3db62fccce64bbd64336,kyle-lamont,Kyle Lamont,opponent,2026-05-19,Kyle Lamont for Georgia House District 58 campaign website,archived official campaign page,1,,2026-03-11,https://web.archive.org/web/20260311030252id_/https://www.kylelamontfor58.com/,https://kylelamontfor58.com/,https://web.archive.org/web/20260311030252id_/https://www.kylelamontfor58.com/,Archived campaign homepage; snapshot 2026-03-11 03:02:52 UTC,analysis,verified,"First-party Wix campaign site is now a domain-connection error; the campaign-window Wayback snapshot is fetchable. Branch contemporaneously indexed positions on income-based senior property-tax relief, affordable housing, healthcare/abortion access, juvenile justice, and special education. Archive fetch verified 2026-08-20. Analysis locator/scope: candidate-authored archived campaign text"
f229dc12e34f89141b40a0d3,race-74050d04f83c96e831f1,jill-c-kirkham,Jill C. Kirkham,opponent,2026-05-19,Jill C. Kirkham | BallotReady,attributable candidate profile,2,,2026-05-19,https://www.ballotready.org/people/jill-c-kirkham,https://www.ballotready.org/people/jill-c-kirkham,,Platform sections preserved from jillforidaho.com/jill-platform,analysis,verified,"Fetchable profile preserves substantive campaign positions on incarceration and marijuana, schools, water, rural healthcare, housing, infrastructure, progressive taxation, utility costs, and grocery-tax relief. The linked first-party platform is now 404. URL and content verified 2026-08-20. Analysis locator/scope: preserved campaign platform text"
7d79e3dcef99eb24924a8ba7,race-74050d04f83c96e831f1,maxine-durand,Maxine Durand,endorsed,2026-05-19,Platform | Durand for Idaho,official campaign platform,1,,2026-05-19,https://durandforidaho.com/platform/,https://durandforidaho.com/platform/,,Platform page,analysis,verified,"Live first-party platform with detailed proposals on energy, technology, right to repair, transit, arts, healthcare, housing, labor, farming, education, drugs, public lands, and reproductive/gender-affirming care. URL and content verified 2026-08-20. Analysis locator/scope: candidate-authored full policy platform"
58e1600522b9b798d98e272e,race-74050d04f83c96e831f1,terri-pickens,Terri Pickens,opponent,2026-05-19,Issues | Terri for Idaho,official campaign issues page,1,,2026-05-19,https://www.terriforidaho.com/issues,https://www.terriforidaho.com/issues,,Issues page,analysis,verified,"Live first-party issues page covers bodily autonomy, education, healthcare, public lands, immigration, wages, discrimination, and infrastructure. URL and content verified 2026-08-20. Analysis locator/scope: candidate-authored campaign issue positions"
850ae2bbf5bf13824edaffc6,race-ac20ab59155880ab9c39,kc-huffman,KC Huffman,opponent,2026-05-19,"KC Huffman — State Representative, 7th District",official voter pamphlet candidate statement,1,,2026-05-19,https://www.oregonvotes.gov/voters-guide/english/kchuffman.html,https://www.oregonvotes.gov/voters-guide/english/kchuffman.html,,Candidate statement; marked “This information furnished by KC Huffman”,analysis,verified,"Official Oregon Secretary of State online voters’ pamphlet. Statement discusses opportunity, kindness, political climate, open-mindedness, negotiation, preparation, and community involvement. URL and content verified 2026-08-20. Analysis locator/scope: candidate-authored official candidate statement"
2bee7dae4570bc5f88462c35,race-ac20ab59155880ab9c39,kori-rodley,Kori Rodley,opponent,2026-05-19,Prioritizing People,attributable_interview,2,2026-03-26,2026-03-26,https://eugeneweekly.com/2026/03/26/prioritizing-people/,https://eugeneweekly.com/2026/03/26/prioritizing-people/,,Rodley quotations throughout the profile,analysis,verified,"Live pre-primary profile is retrievable and contains extensive direct quotations from Rodley; it links the campaign site and identifies the May 19 primary. Analysis locator/scope: Candidate-attributed campaign positions on universal health care, affordable and middle housing, child care at public schools, universal preschool, education funding, budgeting, and bipartisan strategy"
198e4a39101118b37a83af7e,race-ac20ab59155880ab9c39,kori-rodley,Kori Rodley,opponent,2026-05-19,Democrats compete to succeed Springfield's John Lively in Oregon Legislature,attributable_interview,2,2026-04-16,2026-04-16,https://www.klcc.org/politics-government/2026-04-16/democrats-compete-to-replace-springfields-john-lively-in-oregon-legislature,https://www.klcc.org/politics-government/2026-04-16/democrats-compete-to-replace-springfields-john-lively-in-oregon-legislature,,Kori Rodley section and general-election section,analysis,verified,"KLCC comparative pre-primary interview is live and attributes policy statements directly to Rodley. Analysis locator/scope: Direct campaign quotations on universal health care, child care, tax and spending tradeoffs, local implementation, progressive pragmatism, and the district electorate"
6608f82eb301000f76223b53,race-ac20ab59155880ab9c39,ky-fireside,Ky Fireside,endorsed,2026-05-19,"Progressive organizer, archaeologist from Springfield seeks to fill state House seat",attributable_interview,2,2025-12-03,2025-12-03,https://oregoncapitalchronicle.com/2025/12/03/progressive-organizer-archaeologist-from-springfield-seeks-to-fill-state-house-seat/,https://oregoncapitalchronicle.com/2025/12/03/progressive-organizer-archaeologist-from-springfield-seeks-to-fill-state-house-seat/,,Fireside quotations throughout,analysis,verified,"Live pre-primary reported interview contains extensive quotations and attributable policy discussion. Analysis locator/scope: Direct campaign statements on queer rights, the health-care crisis, centrism, data privacy and Flock cameras, labor protections, civil rights, and anti-ICE organizing"
9846ae803c771f5a3ad5bac2,race-ac20ab59155880ab9c39,ky-fireside,Ky Fireside,endorsed,2026-05-19,Voter Guide: 2026 Democratic Primary Oregon House District 7,candidate_questionnaire,2,,,https://oregoncapitalchronicle.com/voter-guides/contests/2026-democratic-primary-oregon-house-district-7/,https://oregoncapitalchronicle.com/voter-guides/contests/2026-democratic-primary-oregon-house-district-7/,,Fireside candidate-response text returned by the voter-guide page,analysis,verified,"The live Oregon Capital Chronicle voter-guide endpoint returns Fireside’s first-person response; no publication date was exposed in the fetched page. Analysis locator/scope: Candidate-authored platform on universal health care, private-equity home ownership, a Renters Bill of Rights and rent caps, taxing big business, and education and health-care funding"
7e8f8b81b9570c5d4652c251,race-ac20ab59155880ab9c39,ky-fireside,Ky Fireside,endorsed,2026-05-19,Democrats compete to succeed Springfield's John Lively in Oregon Legislature,attributable_interview,2,2026-04-16,2026-04-16,https://www.klcc.org/politics-government/2026-04-16/democrats-compete-to-replace-springfields-john-lively-in-oregon-legislature,https://www.klcc.org/politics-government/2026-04-16/democrats-compete-to-replace-springfields-john-lively-in-oregon-legislature,,Ky Fireside section and general-election section,analysis,verified,"KLCC comparative pre-primary interview is live and attributes policy statements directly to Fireside. Analysis locator/scope: Direct campaign quotations on single-payer health care, working-class taxation, corporate power, taxing high earners, surveillance, affordability, and swing-voter outreach"
21af176bb101b62f280af9d6,race-d6b2b42e806068d1745f,ashley-hartmeier-prigg,Ashley Hartmeier-Prigg,opponent,2026-05-19,"State Rep. Ken Helm to retire in 2026, endorses Beaverton city councilor",attributable_interview,2,2025-10-30,2025-10-30,https://oregoncapitalchronicle.com/2025/10/30/state-rep-ken-helm-to-retire-in-2026-endorses-beaverton-city-councilor/,https://oregoncapitalchronicle.com/2025/10/30/state-rep-ken-helm-to-retire-in-2026-endorses-beaverton-city-councilor/,,Endorsing a successor section,analysis,verified,"Live pre-primary profile contains multiple direct Hartmeier-Prigg quotations and attributable descriptions of her record and priorities. Analysis locator/scope: Direct campaign quotations on environmental stewardship, housing affordability, dignified work and wages, state capacity, consensus-building, budgeting, shelters, and public service"
98b4738df3d99a3778d827b5,race-d6b2b42e806068d1745f,ashley-hartmeier-prigg,Ashley Hartmeier-Prigg,opponent,2026-05-19,Voter Guide: 2026 Democratic Primary Oregon House District 27,candidate_questionnaire,2,,,https://oregoncapitalchronicle.com/voter-guides/contests/2026-democratic-primary-oregon-house-district-27/,https://oregoncapitalchronicle.com/voter-guides/contests/2026-democratic-primary-oregon-house-district-27/,,Hartmeier-Prigg candidate-response text returned by the voter-guide page,analysis,verified,"The live voter-guide endpoint returns Hartmeier-Prigg’s first-person answer; no publication date was exposed in the fetched page. Analysis locator/scope: Candidate-authored response on evidence-based voting, labor and organizational stakeholder consultation, legislative preparation, and constituent outreach"
147bba042c2c3bf549b9740a,race-e311906b4ccb39c194bc,aprile-hearn,Aprile Hearn,endorsed,2026-05-19,Aprile Hearn | BallotReady,attributable candidate profile,2,,2026-05-19,https://www.ballotready.org/people/aprile-hearn,https://www.ballotready.org/people/aprile-hearn,,Issue-position section preserved from aprilehearn.org/d5,analysis,verified,"Fetchable profile preserves substantive proposals on public ownership of LG&E, lead protections, data centers, free/expanded transit, city-run groceries, public investment, violence prevention, and participatory district spending. Linked first-party page is now 404. URL and content verified 2026-08-20. Analysis locator/scope: preserved campaign platform text"
36d6eedb4d5b4fd66f6a2811,race-e311906b4ccb39c194bc,betty-bailey,Betty Bailey,opponent,2026-05-19,District 5 Run | Betty Bailey,official campaign priorities,1,,2026-05-19,https://www.district5run.com/,https://www.district5run.com/,,My Why for Metro Council – District 5,analysis,verified,"Live first-party page provides substantive priorities on jobs, infrastructure, storefront rehabilitation, public safety, neighborhood history, and police-community accountability. URL and content verified 2026-08-20. Analysis locator/scope: candidate-authored campaign priorities"
84b68912f83041bbec660eaa,race-f1e0f94b57d24c62031b,carlos-vilela,Carlos Vilela,opponent,2026-05-19,Carlos Vilela | BallotReady,attributable candidate profile,2,,2026-05-19,https://www.ballotready.org/people/carlos-vilela,https://www.ballotready.org/people/carlos-vilela,,Issue-position sections sourced from campaign website,analysis,verified,"Fetchable profile preserves detailed campaign positions on reproductive healthcare, justice, costs, education, housing, elections, and progressive taxation. It identifies the first-party issues URL https://www.carlosforhouse.com/issues, now 404. URL and content verified 2026-08-20. Analysis locator/scope: preserved campaign issue text"
29aa92f738802ebda7d0ce9e,national-recz9WOUNjTC3V34x-dem-primary,meg-anandarangam,Meg Anandarangam,endorsed,2026-06-02,Issues,official_campaign_platform,1,,,https://www.megforqueencity.com/issues,https://www.megforqueencity.com/issues,,Full Issues page,analysis,verified,"Official campaign page is live and its full substantive text is recoverable from the HTML. Analysis locator/scope: Candidate-authored platform on rent control and code enforcement, responsible development, municipal grocery and transit, public services, sanctuary policy, harm reduction, transparent administration, labor rights, child care, BDS and arms embargo, charter reform, noncitizen and youth voting, ranked-choice voting, and participatory budgeting"
7a4113803f6f54b359dd2e37,national-recz9WOUNjTC3V34x-dem-primary,meg-anandarangam,Meg Anandarangam,endorsed,2026-06-02,Why I’m running for City Council,official_campaign_statement,1,2026-03-26,2026-03-26,https://www.megforqueencity.com/press/candidatestatement,https://www.megforqueencity.com/press/candidatestatement,,Entire campaign-site statement,analysis,verified,"Official campaign press page preserves the candidate statement and links the originally published TAPinto article, which was blocked during review. Analysis locator/scope: First-person democratic-socialist campaign rationale centered on tenants, workers, families, working-class leadership, public services, development, profit, and political insiders"
69f687d651aaf790bbd33b6f,national-recz9WOUNjTC3V34x-dem-primary,meg-anandarangam,Meg Anandarangam,endorsed,2026-06-02,Plainfield Needs Rent Control Now: Why and the plan to get it done,official_campaign_statement,1,2026-05-03,2026-05-03,https://www.megforqueencity.com/press/plainfieldneedsrentcontrolnow,https://www.megforqueencity.com/press/plainfieldneedsrentcontrolnow,,Campaign-site excerpt from candidate op-ed,analysis,verified,"Official campaign press page preserves a substantive excerpt and links the full TAPinto op-ed, which was blocked during review. Analysis locator/scope: First-person commitment to rent stabilization, a rent-control ordinance, tenant organizing, and accountability for council and the mayor"
ae960e7e62665a1273b2974d,national-recz9WOUNjTC3V34x-dem-primary,robert-graham,Robert Graham,opponent,2026-06-02,Inaugural Plainfield City Council Debate (LIVE),candidate_debate,2,2026-05-22,2026-05-21,https://www.youtube.com/watch?v=AbiFHPP4UIs,https://www.youtube.com/watch?v=AbiFHPP4UIs,,"Ward 1 segment featuring Robert Graham, Meghana “Meg” Anandarangam, and Yasmin Griffin",analysis,verified,"Cindelle’s Bookstore description names all Ward 1 candidates and the moderator; YouTube metadata gives an 80:45 runtime, May 22 upload, and an English automatic-caption track. The campaign press page dates the debate event to May 21. Analysis locator/scope: Attributable candidate debate responses on Plainfield community issues before the primary"
ae553b226114bf2294f5f24b,national-recz9WOUNjTC3V34x-dem-primary,yasmin-griffin,Yasmin Griffin,opponent,2026-06-02,Inaugural Plainfield City Council Debate (LIVE),candidate_debate,2,2026-05-22,2026-05-21,https://www.youtube.com/watch?v=AbiFHPP4UIs,https://www.youtube.com/watch?v=AbiFHPP4UIs,,"Ward 1 segment featuring Robert Graham, Meghana “Meg” Anandarangam, and Yasmin Griffin",analysis,verified,"Cindelle’s Bookstore description names all Ward 1 candidates and the moderator; YouTube metadata gives an 80:45 runtime, May 22 upload, and an English automatic-caption track. The campaign press page dates the debate event to May 21. Analysis locator/scope: Attributable candidate debate responses on Plainfield community issues before the primary"
8d0f49903df89b06efc39fda,race-76c7cbb9d6b99bc5d802,chris-espinosa,Chris Espinosa,endorsed,2026-06-02,Issues,official_campaign_platform,1,,,https://www.espinosaforcongress.com/issues,https://www.espinosaforcongress.com/issues,,Full Issues page,analysis,verified,"Official campaign page is live and fetchable; its full text is recoverable from the page HTML despite accordion-style presentation. Analysis locator/scope: First-person platform on cost of living, housing and tenant protections, universal child care, tuition-free education, Medicare for All, democracy, abolishing ICE, digital privacy, climate and environmental justice, reproductive and LGBTQ rights, and Gaza"
7f612cccd03d06999be9dd2f,race-76c7cbb9d6b99bc5d802,chris-espinosa,Chris Espinosa,endorsed,2026-06-02,Chris Espinosa for Congress | Our Community. Our Future,official_campaign_video_description,1,2026-05-11,2026-05-11,https://www.youtube.com/watch?v=9R5VBr78ZTY,https://www.youtube.com/watch?v=9R5VBr78ZTY,,Official campaign channel description and auto-captioned 1:49 video,analysis,verified,"YouTube metadata identifies the uploader as Chris Espinosa For Congress, supplies a substantive campaign description, and indicates English automatic captions. Analysis locator/scope: Campaign-authored text on working families, immigrants, teachers, union workers, accountability, affordability, opportunity, and community-rooted representation"
06f055effca45f8e6a19b24b,race-76c7cbb9d6b99bc5d802,daniel-miller,Daniel Miller,opponent,2026-06-02,Daniel Miller for Congress — California’s 26th Congressional District,official_campaign_platform,1,,,https://danielmillerforcongress.com/,https://danielmillerforcongress.com/,,"Homepage sections About Daniel, Campaign Priorities, and California’s 26th District",analysis,verified,"Live official campaign page is fully retrievable as HTML and contains extensive substantive text; publication date is not stated. Analysis locator/scope: Official platform on affordability, tax and spending control, property-tax relief, agriculture and water rights, parental rights, free speech and the Second Amendment, overregulation, and smart-city oversight"
6e41ea0e5c885fa8ec4fb579,race-76c7cbb9d6b99bc5d802,jacqui-irwin,Jacqui Irwin,opponent,2026-06-02,Campaign announcement for the 26th Congressional District,official_campaign_statement,1,,2026-05-10,https://jacquiirwin.com/,https://jacquiirwin.com/,https://web.archive.org/web/20260510130851/https://jacquiirwin.com/,Homepage announcement quotation,analysis,verified,"Live homepage remains fetchable and preserves the campaign quotation; CDX identified a pre-primary May 10 capture, recorded for provenance, though the archive service was intermittently unavailable during review. Analysis locator/scope: Candidate statement opposing Trump and prioritizing democracy, public safety, affordability, and Ventura and Los Angeles County needs"
29c11776821d5e7ede7dae7e,race-76c7cbb9d6b99bc5d802,sam-gallucci,Sam Gallucci,opponent,2026-06-02,Sam Gallucci for Congress | CA-26 | The Talking Stops Now,official_campaign_platform,1,,2026-05-10,https://web.archive.org/web/20260510130850id_/https://samgallucci.com/,https://samgallucci.com/,https://web.archive.org/web/20260510130850id_/https://samgallucci.com/,Homepage issue cards; text in /assets/Index-CmO9r-Y5.js,analysis,verified,"Live SPA is fetchable and its substantive issue text is recoverable from the current first-party JavaScript bundle. A May 10 pre-primary Wayback capture establishes campaign-window provenance; the archived shell may require its assets to render. Analysis locator/scope: Official platform on cost of living, housing, energy, spending and SNAP, small business, congressional ethics, parental rights and anti-DEI/CRT policy, homelessness, immigration, veterans, policing and bail, family policy, water, wildfire, and coastal stewardship"
11519106e20e771445c9be8c,race-996219411814ef8b62f1,luke-alfaro-jungmann,Luke Alfaro-Jungmann,endorsed,2026-06-02,Electoral Work,endorsement_statement,2,,,https://abqdsa.org/electoral-work,https://abqdsa.org/electoral-work,,Luke Alfaro-Jungmann endorsement paragraph,analysis,verified,"Live chapter page identifies Luke as a DSA member and links directly to the official campaign site; included as corroborating campaign-window context. Analysis locator/scope: Albuquerque DSA summary of the endorsed member-candidate’s universal-health-care, affordable-housing, and environmental-protection platform"
b82d3b879f1fad2f8176785b,race-996219411814ef8b62f1,luke-alfaro-jungmann,Luke Alfaro-Jungmann,endorsed,2026-06-02,Luke for NM — Issues,official_campaign_platform,1,,2026-04-16,https://web.archive.org/web/20260416234018id_/https://lukefornm.com/,https://www.lukefornm.com/,https://web.archive.org/web/20260416234018id_/https://lukefornm.com/,Issues content rendered from /static/js/main.a1887ad5.js,analysis,verified,"Live official SPA and first-party JavaScript bundle are fetchable and contain the full platform. CDX identified an April 16 pre-primary capture; archive availability was intermittent during the final review. Analysis locator/scope: First-person platform on universal public health care, medical labor standards and public hospitals, public and affordable housing, rent caps and short-term rentals, wages and unions, renewable energy and water, voting rights, LGBTQ protections, education, public safety, reproductive rights, small business, and veterans"
4f37592bdb520b0c47b81b30,race-d696522faa4508ad99d7,robert-graham,Robert Graham,opponent,2026-06-02,Inaugural Plainfield City Council Debate (LIVE),candidate_debate,2,2026-05-22,2026-05-21,https://www.youtube.com/watch?v=AbiFHPP4UIs,https://www.youtube.com/watch?v=AbiFHPP4UIs,,"Ward 1 segment featuring Robert Graham, Meghana “Meg” Anandarangam, and Yasmin Griffin",analysis,verified,"Cindelle’s Bookstore description names all Ward 1 candidates and the moderator; YouTube metadata gives an 80:45 runtime, May 22 upload, and an English automatic-caption track. The campaign press page dates the debate event to May 21. Analysis locator/scope: Attributable candidate debate responses on Plainfield community issues before the primary"
4ddc2e591dfe4a4ba44f975f,race-272467423dd3b8accee4,shaun-r-navarro,Shaun R. Navarro,endorsed,2026-06-09,Home - Shaun Navarro for Assembly District 34,official_campaign_platform,1,,2026-06-09,https://navarrofornevada.com/,https://navarrofornevada.com/,,Homepage sections “Meet Shaun” and “Issues” (Cap the Rent; Wages; End Money in Politics),analysis,verified,"Official 2026 campaign site is live and fetchable; the page identifies the Assembly District 34 campaign and is paid/copyrighted by the campaign. Analysis locator/scope: Candidate-authored campaign biography and policy planks on housing, wages, campaign finance, Palestine organizing, and corporate power"
34966aab40ee307a6aed9868,race-2c2133100c33cde0b378,karen-hoak,Karen Hoak,opponent,2026-06-23,Who are the candidates for the NY 149th District Assembly seat?,attributable_interview,2,2026-06-04,2026-06-04,https://investigativepost.org/2026/06/04/three-democrats-vie-for-149th-assembly-seat/,https://investigativepost.org/2026/06/04/three-democrats-vie-for-149th-assembly-seat/,,Section “Hoak: a single mother with government experience”,analysis,verified,"Investigative Post reports that all three candidates sat for interviews. Hoak’s official platform domain later became unavailable, making this live pre-primary interview the recoverable attributable source. Analysis locator/scope: Direct quotations and attributed positions on housing, healthcare, childcare, energy costs, public safety, and government experience"
f14f59b7e4d3ead8af55cc23,race-2c2133100c33cde0b378,kevin-deese,Kevin Deese,opponent,2026-06-23,Platform | Kevin Deese for New York State Assembly,official_campaign_platform,1,,2026-06-23,https://www.kevindeese.com/platform,https://www.kevindeese.com/platform,,"Entire platform page; especially AI data centers, New York for All, civil rights, privacy/surveillance, election reform, and government accountability",analysis,verified,Official campaign page is live and fetchable and contains detailed policy planks from the 2026 primary campaign. Analysis locator/scope: Candidate-authored campaign policy platform
69c38555d5572851e032b391,race-39f265caadf4efc1cdd3,david-orkin,David Orkin,endorsed,2026-06-23,Thirty Minutes With David Orkin: “The Number One Most Important Thing in My Life Is Having Integrity”,attributable_interview,2,2026-06-02,2026-06-02,https://hellgatenyc.com/david-orkin-assembly-district-38-interview/,https://hellgatenyc.com/david-orkin-assembly-district-38-interview/,,Full interview beginning with Orkin’s campaign headquarters and stated Assembly priorities,analysis,verified,"Live, fetchable campaign-period interview conducted three weeks before the primary. Analysis locator/scope: Candidate-attributed discussion of district needs, Albany priorities, campaign integrity, immigrant-worker advocacy, and political strategy"
bb1b6af02bf8b6dde8ad9389,race-39f265caadf4efc1cdd3,jenifer-rajkumar,Jenifer Rajkumar,opponent,2026-06-23,The Opportunity Agenda,official_campaign_platform,1,,2026-06-23,https://www.jeniferforny.com/a-better-new-york,https://www.jeniferforny.com/a-better-new-york,,"Opportunity Agenda sections on freedoms/equality, affordability, quality of life, and transit",analysis,verified,"Official campaign site is live, fetchable, and marked ©2026 / paid for by Jenifer Rajkumar for New York. Analysis locator/scope: Candidate-authored 2026 campaign agenda and framing"
ad78e0e14ccadc928ddeffd5,race-3ecc1eb1bf0838801a6b,andrew-bodiford,Andrew Bodiford,opponent,2026-06-23,Andrew Bodiford — New York State Assembly District 50,official_campaign_platform,1,,2026-06-23,https://andrewbodiford.com/,https://andrewbodiford.com/,,"Homepage “Priorities and Issues” plus Housing and Affordability, Climate and Energy, Transit, and Jobs and Industry sections",analysis,verified,"Official campaign site is live and identifies Bodiford as a Democrat for Assembly District 50. Analysis locator/scope: Candidate-authored platform on rent, development, small businesses, transit, climate, pollution, parks, AI, labor, and rail"
565ac698bd82ad8c37c1546c,race-3ecc1eb1bf0838801a6b,emily-gallagher,Emily Gallagher,endorsed,2026-06-23,Emily’s 2026 Platform,official_campaign_platform,1,,2026-06-23,https://www.emilyforassembly.com/issues/,https://www.emilyforassembly.com/issues/,,"Entire issues page; major sections on climate, social housing, commercial rent stabilization, street safety, immigrants, and taxing the rich",analysis,verified,"Official re-election site is live and the issues page is explicitly titled “Emily’s 2026 Platform.” Analysis locator/scope: Candidate-authored 2026 platform, including legislation and explicit next-term priorities"
60f565a6f251c84d12641cca,race-64bde8b146c8826d40ce,darializa-avila-chevalier,Darializa Avila Chevalier,endorsed,2026-06-23,Priorities,official_campaign_platform,1,,,https://www.darializaforcongress.com/issues,https://www.darializaforcongress.com/issues,,"Issue hub beginning “Economic Security for All”; homepage also labels Abolish ICE, Medicare for All, Housing for All, Quality Education, and Fighting Corporate Greed",analysis,verified,"Live official campaign page remained retrievable after the primary; undated page is clearly branded and paid for by Darializa for Congress. Analysis locator/scope: Candidate-authored campaign positions on labor, immigration, healthcare, housing, education, military spending, and corporate power"
661967d6473c32db5f0a5b04,race-64bde8b146c8826d40ce,oscar-j-romero-jr,Oscar J. Romero Jr.,opponent,2026-06-23,"Tax the Rich: You Pay Your Taxes, So Should They",official_campaign_platform,1,,,https://www.oscarforcongress.com/tax-the-rich,https://www.oscarforcongress.com/tax-the-rich,,Full issue page under campaign issue navigation,analysis,verified,"Live official campaign issue page; the broader site also exposes substantive pages on healthcare, housing, immigration, climate, education, Gaza, public safety, and digital equity. Analysis locator/scope: Candidate-authored economic argument on wealth concentration, progressive taxation, corporate taxes, loopholes, and political influence"
7ef4b8b3e6be5f5c9a4d66aa,race-64bde8b146c8826d40ce,theo-bruce-chino-tavarez,Theo Bruce Chino-Tavarez,opponent,2026-06-23,Theo Chino for Congress campaign statement and platform links,official_campaign_statement,1,,,https://secure.actblue.com/donate/socialist,https://pubadvocate.nyc/,,Opening campaign statement beginning “My name is Theo Chino and I am running for Congress in Northern Manhattan”,analysis,verified,"The former campaign domain redirects to this fetchable ActBlue page, which preserves the candidate-authored text and live links to the campaign Substack and manifesto. Analysis locator/scope: Candidate-authored statement identifying a social-democratic-socialist campaign and linking its campaign Substack and adopted Socialist Manifesto"
465b76ff31a65f4fdf8a7579,race-7280deaba4ff6d65102b,illapa-sairitupac,Illapa Sairitupac,endorsed,2026-06-23,Campaign Insiders: A Q&A with AD-65 Candidate Illapa Sairitupac,candidate_questionnaire,2,2026-05-20,2026-05-20,https://politicsny.com/2026/05/20/campaign-insiders-a-qa-with-ad-65-candidate-illapa-sairitupac/,https://politicsny.com/2026/05/20/campaign-insiders-a-qa-with-ad-65-candidate-illapa-sairitupac/,,Complete five-question Campaign Insiders Q&A,analysis,verified,"PoliticsNY preserves the full pre-primary Q&A. The linked official campaign site was identified but served an anti-bot challenge during verification, so the recoverable questionnaire is the fetchable target. Analysis locator/scope: Candidate-attributed answers on taxing the rich, free childcare, social housing, ICE, affordability, organizing, and the Mamdani agenda"
2b85e0cdeeffe20852fb6139,race-8b7a8f7e7882f4f63dbb,stefani-l-zinerman,Stefani L. Zinerman,opponent,2026-06-23,Passions run high at Bed-Stuy state election debates,attributable_debate_coverage,2,2026-06-04,2026-05-30,https://amsterdamnews.com/news/2026/06/04/passions-run-high-at-bed-stuy-state-election-debates/,https://amsterdamnews.com/news/2026/06/04/passions-run-high-at-bed-stuy-state-election-debates/,,"State Assembly District 56 section, especially “Zinerman platform” and her quoted opening statement",analysis,verified,"Reported account of the May 30 pre-primary debate includes a direct Zinerman quotation and a discrete platform list. Analysis locator/scope: Candidate-attributed debate statements and platform points on displacement, transit costs, subway mental-health response, public safety, nonprofits, maternal health, and neighborhood investment"
7ef3d44f1068bacbadc25924,race-9172cee3bc57bf96a6c8,diana-c-moreno,Diana C. Moreno,endorsed,2026-06-23,Diana Moreno Wants You To Organize as if the World You Want is Within Grasp,attributable_interview,2,2026-06-01,2026-06-01,https://democraticleft.dsausa.org/2026/06/01/diana-moreno-organize-as-if-the-world-you-want-is-within-grasp/,https://democraticleft.dsausa.org/2026/06/01/diana-moreno-organize-as-if-the-world-you-want-is-within-grasp/,https://web.archive.org/web/20260602223800id_/https://democraticleft.dsausa.org/2026/06/01/diana-moreno-organize-as-if-the-world-you-want-is-within-grasp/,Full Democratic Left interview with questions labeled “DL” and answers labeled “Moreno” or “Diana”,analysis,verified,"Official DSA publication preserves a long pre-primary interview with direct candidate answers and explicit discussion of DSA electoral strategy. The live page was fully retrieved with the web fetcher; an Internet Archive campaign-window capture is preserved separately because generic scripted requests receive an anti-bot response. Analysis locator/scope: Extended candidate interview on democratic socialism, DSA movement strategy, affordability, immigration, climate, Palestine, trans rights, labor, electoral organizing, and relations with corporate Democrats"
97550f0c37949f499894fe9b,race-9172cee3bc57bf96a6c8,mary-jobaida,Mary Jobaida,opponent,2026-06-23,Mary Jobaida pledges to advocate for the voiceless in AD36 ahead of Feb. 3 special election,attributable_interview,2,2026-01-27,2026-01-27,https://qns.com/2026/01/mary-jobaida-ad-36-special-election/,https://qns.com/2026/01/mary-jobaida-ad-36-special-election/,,Edited Q&A beginning “How do you separate yourself from two candidates…”,analysis,verified,"The interview preceded the February special election for the same AD-36 seat and remained directly relevant to Jobaida’s continuing June primary campaign. Analysis locator/scope: Candidate-attributed positions on immigration, housing and social housing, taxing the rich, climate resilience and renewable energy, education, constituent services, and political exclusion"
4cf5aaa8344e3dc2251a8098,race-a8714bfc41c3a8b6f98f,pia-rahman,Pia Rahman,opponent,2026-06-23,Campaign Insiders: A Q&A with AD-37 Candidate Pia Rahman,candidate_questionnaire,2,2026-06-01,2026-06-01,https://politicsny.com/2026/06/01/campaign-insiders-a-qa-with-ad-37-candidate-pia-rahman/,https://politicsny.com/2026/06/01/campaign-insiders-a-qa-with-ad-37-candidate-pia-rahman/,,Complete five-question Campaign Insiders Q&A,analysis,verified,"PoliticsNY preserves the full pre-primary questionnaire. The linked official campaign domain was checked but now displays a paused/lapsed-site notice. Analysis locator/scope: Candidate-attributed answers on healthcare, immigration, affordability, education, transportation, civic engagement, housing, small business, and campaign differentiation"
59c1bd69a0f9fc557fd4e5a4,race-fd97e89a58d56d7d9494,lelia-b-true,Lelia B. True,opponent,2026-06-23,Montgomery County Council At-Large: 2026 Maryland Voter Guide,candidate_questionnaire,2,2026-05-18,2026-05-18,https://www.thebanner.com/voter-guide/2026/montgomery-county/montgomery-county-council-at-large-UQEFYXBIKRCNHCWJFEYUAGMIHA/,https://www.thebanner.com/voter-guide/2026/montgomery-county/montgomery-county-council-at-large-UQEFYXBIKRCNHCWJFEYUAGMIHA/,,“Name: Lelia B. True” and the following Questionnaire section,analysis,verified,"The Banner page is live and preserves True’s verbatim pre-primary questionnaire answers. Analysis locator/scope: Full candidate-authored responses on federal-worker recovery, school budgets, rent stabilization, housing, data centers, waste, immigration, and governing experience"
b961d21d5f5000f0939d75de,race-fd97e89a58d56d7d9494,muhammad-arif-wali,Muhammad Arif Wali,opponent,2026-06-23,Montgomery County Council At-Large: 2026 Maryland Voter Guide,candidate_questionnaire,2,2026-05-18,2026-05-18,https://www.thebanner.com/voter-guide/2026/montgomery-county/montgomery-county-council-at-large-UQEFYXBIKRCNHCWJFEYUAGMIHA/,https://www.thebanner.com/voter-guide/2026/montgomery-county/montgomery-county-council-at-large-UQEFYXBIKRCNHCWJFEYUAGMIHA/,,“Name: Muhammad Arif Wali” and the following Questionnaire section,analysis,verified,"The Banner page is live and preserves Wali’s verbatim pre-primary questionnaire answers. Analysis locator/scope: Full candidate-authored responses on jobs, schools, housing, data centers, environmental policy, immigration, and county services"
15e579baf515a3605bdf829f,race-fd97e89a58d56d7d9494,prabu-selvam,Prabu Selvam,opponent,2026-06-23,Prabu Selvam for Montgomery County Council At-Large,official_campaign_platform,1,,2026-06-23,https://web.archive.org/web/20251006151855id_/https://prabuselvam.com/,https://prabuselvam.com/,https://web.archive.org/web/20251006151855id_/https://prabuselvam.com/,"Homepage policy panels, including affordable housing, just-cause eviction, education, health workforce, public safety, and BRT expansion",analysis,verified,Official campaign site is live and fetchable. Its Canva payload contains detailed English policy text even though basic text-only renderers may show only the title. Analysis locator/scope: Candidate-authored 2026 campaign platform and biography
b73da9dc764ceec2212c2248,race-92d9ab18d64e4a42b737,wanda-james,Wanda James,opponent,2026-06-30,1st Congressional District: Democrat Wanda James,attributable_interview,2,2026-05-29,2026-05-18,https://web.archive.org/web/20260530085924id_/https://www.cpr.org/2026/05/29/vg-2026-primary-election-1st-congressional-district-wanda-james/,https://www.cpr.org/2026/05/29/vg-2026-primary-election-1st-congressional-district-wanda-james/,https://web.archive.org/web/20260530085924id_/https://www.cpr.org/2026/05/29/vg-2026-primary-election-1st-congressional-district-wanda-james/,"Candidate profile sections “On affordability,” “On immigration,” “On healthcare,” and “On Israel and Gaza”",analysis,verified,"CPR voter guide states that the issue comments derive from its May 18 Colorado Matters candidate interview and preserves extensive direct quotations before the primary. Source URL uses a campaign-window Internet Archive capture because direct scripted retrieval of the live page returned an anti-bot response; live provenance is preserved separately. Analysis locator/scope: Direct candidate quotations on affordability, housing, coalition-building, immigration, abortion rights, Gaza, Israel, weapons transfers, and anti-war policy"
f00715173fe25afd95ad3bc5,national-recDXw3CpyWrmjZpF-dem-primary,donavan-mckinney-for-congress,Donavan McKinney for Congress,endorsed,2026-08-04,MI State Rep. Donavan McKinney launches Democratic primary challenge,campaign_release,1,,,https://www.donavanforcongress.com/news,https://www.donavanforcongress.com/news,,campaign launch release beginning at top of page,analysis,verified,"Official campaign news page; launch release directly contrasts McKinney with Shri Thanedar and states positions on wages, housing, environmental justice, education, transit, unions, violence prevention, and corporate political money. Analysis locator/scope: release_text"
a7f858dc67edcc5ee74fc61e,national-recDXw3CpyWrmjZpF-dem-primary,donavan-mckinney-for-congress,Donavan McKinney for Congress,endorsed,2026-08-04,Priorities,campaign_platform,1,,,https://www.donavanforcongress.com/priorities,https://www.donavanforcongress.com/priorities,,all priority sections,analysis,verified,"Official campaign platform with extensive first-person text on Medicare for All, a homes guarantee, public housing, rent control, eviction protections, tenant unions, and economic justice. Analysis locator/scope: full_page"
7a8b491f592d81be53f690df,national-recDXw3CpyWrmjZpF-dem-primary,shri-thanedar,Shri Thanedar,opponent,2026-08-04,Media — 2026 voter communications strategy and accomplishments,campaign_communication,1,2026-07-28,2026-07-28,https://shriforcongress.com/media/,https://shriforcongress.com/media/,,"Updated July 28, 2026; Week 0 and accomplishments sections",analysis,verified,"Official campaign communication memo. Especially suitable for comparative discourse: attacks McKinney and frames Thanedar on affordability, gun policy, ICE, Medicare for All, taxation, student debt, and district delivery. Analysis locator/scope: full_page"
ff70d4d3721f317f0f499e6b,race-0238993b2ccb424dc347,byron-h-nolen,Byron H. Nolen,opponent,2026-08-04,Inkster mayor challenges Rep. Rashida Tlaib in Democratic primary,candidate_interview,2,2026-07-28,2026-07-28,https://wdet.org/2026/07/28/inkster-mayor-challenges-rep-rashida-tlaib-in-democratic-primary/,https://wdet.org/2026/07/28/inkster-mayor-challenges-rep-rashida-tlaib-in-democratic-primary/,,interview quotations and issue sections,analysis,verified,"Public-radio candidate interview with direct quotations during the primary window. Covers affordability, governing style, Israel aid, reproductive rights, LGBTQ rights, and universal healthcare. Analysis locator/scope: candidate_interview"
52b0c98d01dc6e70b1ad9188,race-3b9a8d1c4fa2cbcadb73,ashleigh-rogers,Ashleigh Rogers,opponent,2026-08-04,On the Issues,official_campaign_platform,1,,,https://ashleighrogers4congress.com/on-the-issues,https://ashleighrogers4congress.com/on-the-issues,,"Full issue page; sections cover economy, education, healthcare, agriculture, housing and childcare, immigration, and LGBTQ+ healthcare/privacy",analysis,verified,"Live official campaign page identifies the August 4 Democratic primary and is paid for by Ashleigh Rogers for Congress. Analysis locator/scope: Candidate-authored platform with specific federal proposals and issue arguments across economic, social, healthcare, rural, housing, childcare, immigration, and civil-rights policy"
71e3fc22e17c8f72e40cbc86,race-3b9a8d1c4fa2cbcadb73,hartzell-gray,Hartzell Gray,endorsed,2026-08-04,Liberation Now Is Here: The Kansas City Defender Launches the Midwest’s First Radical Black Video News Show,attributable_interview,2,2026-04-16,2026-04-16,https://kansascitydefender.com/videos/liberation-now-debut-hartzell-gray-interview/,https://kansascitydefender.com/videos/liberation-now-debut-hartzell-gray-interview/,,Article synopsis and embedded debut interview with Hartzell Gray,analysis,verified,"The page preserves substantial quotations and a detailed synopsis of the campaign-window video interview, with the full episode embedded. Analysis locator/scope: Candidate-attributed discussion of AIPAC, Democratic leadership, Palestine, reparations, universal healthcare, social housing, union jobs, racial capitalism, DHS abolition, and tenant organizing"
bf37b4bf6af374ac10f77b91,race-3b9a8d1c4fa2cbcadb73,hartzell-gray,Hartzell Gray,endorsed,2026-08-04,Issues,official_campaign_platform,1,,,https://www.hartzellforcongress.com/issues,https://www.hartzellforcongress.com/issues,,"Campaign issue hub linking detailed pages on wealth, healthcare, climate, housing, war, jobs and unions, reparations, reproductive rights, LGBTQIA+ rights, immigration, veterans, guns, and data centers",analysis,verified,"Live official campaign issue hub remained fetchable after the primary and contains detailed linked policy pages. Analysis locator/scope: Candidate-authored democratic-socialist platform spanning political economy, social rights, labor, climate, housing, foreign policy, racial justice, and public safety"
bbaa49317492313aa2906b8b,race-3b9a8d1c4fa2cbcadb73,jeanette-cass,Jeanette Cass,opponent,2026-08-04,My Issues,campaign_platform,1,,,https://www.cassforcongress.com/my-issues,https://www.cassforcongress.com/my-issues,,issue headings and full page,analysis,verified,"Official 2026 campaign issues page; fetchable live target. Covers cost of living, farms, infrastructure, healthcare, labor, rights, immigration, guns, and families. Analysis locator/scope: full_page"
298a6695050c085ee920e762,race-3b9a8d1c4fa2cbcadb73,jordan-herrera,Jordan Herrera,opponent,2026-08-04,Issues,campaign_platform,1,,,https://jordanjherrera.com/issues/,https://jordanjherrera.com/issues/,,all issue sections,analysis,verified,"Official campaign platform; fetchable live target. Detailed positions include AI and worker rights, data centers, economic security, healthcare, education, freedom, agriculture, veterans, and democracy reform. Analysis locator/scope: full_page"
6bb588d8473c494f04a6aa22,race-3b9a8d1c4fa2cbcadb73,randy-miller,Randy Miller,opponent,2026-08-04,Randy Miller for Congress — policy priorities,campaign_platform,1,,,https://www.randymillercongress.com/,https://www.randymillercongress.com/,,homepage policy bullet list,analysis,verified,"Official campaign site with substantive first-person policy list: universal healthcare, veterans, farms, renewable energy, data-center moratorium, progressive taxation, affordable housing, teacher pay, and FCC reform. Analysis locator/scope: full_page"
1da158b14c6fa7f063224690,race-3b9a8d1c4fa2cbcadb73,wayne-russell,Wayne Russell,opponent,2026-08-04,American Values,campaign_platform,1,,,https://votewaynerussell.com/american-values/,https://votewaynerussell.com/american-values/,,The Democrat Party values bullet list,analysis,verified,"Official campaign platform; fetchable live target. Substantive positions on economic fairness, healthcare, democracy, immigration, civil rights, labor, climate, foreign policy, and education. Analysis locator/scope: full_page"
b61b1a93cca418db4a972a43,race-e87b28f84c6a49987afa,dina-nina-martinez-rutherford,Dina Nina Martinez-Rutherford,opponent,2026-08-11,Wisconsin District 76 Primary Candidate Information,candidate_questionnaire,2,2026-08-10,2026-08-10,https://madison.citycast.fm/madison-explained/madison-democrat-candidates-assembly-district-76,https://madison.citycast.fm/madison-explained/madison-democrat-candidates-assembly-district-76,,Dina Nina Martinez-Rutherford answers under each question,analysis,verified,"Election-eve questionnaire reproducing attributable candidate answers. Covers cost of living, wages, utilities, healthcare, housing, childcare, price gouging, school funding, taxes, democracy, and corporate influence. Analysis locator/scope: candidate_section"
5e1d54b2748de414dfbd2637,race-e87b28f84c6a49987afa,dina-nina-martinez-rutherford,Dina Nina Martinez-Rutherford,opponent,2026-08-11,Vote Dina Nina — campaign homepage,campaign_platform,1,,,https://www.votedinanina.com/,https://www.votedinanina.com/,,homepage biography and bold progressive change paragraph,analysis,verified,"Official campaign page with first-person positions on living wages, affordable housing, universal healthcare and childcare, public-school funding, and democratic rights. Analysis locator/scope: full_page"
6031730026f233c29be6113e,race-e87b28f84c6a49987afa,isaia-ben-ami,Isaia Ben-Ami,opponent,2026-08-11,Wisconsin District 76 Primary Candidate Information,candidate_questionnaire,2,2026-08-10,2026-08-10,https://madison.citycast.fm/madison-explained/madison-democrat-candidates-assembly-district-76,https://madison.citycast.fm/madison-explained/madison-democrat-candidates-assembly-district-76,,Isaia Ben-Ami answers under each question,analysis,verified,"Election-eve questionnaire with direct candidate answers on housing, Homestead Tax Credit, transit, public investment, education, healthcare, the environment, and taxation. Analysis locator/scope: candidate_section"
889676d5684b7d255681010f,race-e87b28f84c6a49987afa,isaia-ben-ami,Isaia Ben-Ami,opponent,2026-08-11,Platform,campaign_platform,1,,,https://www.voteisaia.com/platform,https://www.voteisaia.com/platform,,all platform sections,analysis,verified,"Official campaign platform; fetchable live target. Detailed policy text includes transportation, regional transit, union labor, housing, education, healthcare, utilities, taxes, childcare, wages, and environmental protection. Analysis locator/scope: full_page"
a72963ce6d844b3e6f35e25e,race-e87b28f84c6a49987afa,juliana-bennett,Juliana Bennett,endorsed,2026-08-11,Wisconsin District 76 Primary Candidate Information,candidate_questionnaire,2,2026-08-10,2026-08-10,https://madison.citycast.fm/madison-explained/madison-democrat-candidates-assembly-district-76,https://madison.citycast.fm/madison-explained/madison-democrat-candidates-assembly-district-76,,Juliana Bennett answers under each question,analysis,verified,"Election-eve questionnaire with direct candidate answers. Strong DSA-comparison material on a millionaire tax, rent control, data-center subsidies, a $23 minimum wage, Act 10, labor rights, schools, housing, and affordability. Official campaign site was discoverable but returned 404 at review time, so this fetchable attributable source is used. Analysis locator/scope: candidate_section"
af673d86cb0b43383d5bf36f,race-e87b28f84c6a49987afa,tony-castan-eda,Tony Castañeda,opponent,2026-08-11,Wisconsin District 76 Primary Candidate Information,candidate_questionnaire,2,2026-08-10,2026-08-10,https://madison.citycast.fm/madison-explained/madison-democrat-candidates-assembly-district-76,https://madison.citycast.fm/madison-explained/madison-democrat-candidates-assembly-district-76,,Tony Castañeda answers under each question,analysis,verified,"Election-eve questionnaire with direct candidate answers on housing affordability, school finance, progressive taxation, cannabis revenue, public institutions, immigration, and ICE. Analysis locator/scope: candidate_section"
3a3b53c5a58f49949e043898,race-e87b28f84c6a49987afa,tony-castan-eda,Tony Castañeda,opponent,2026-08-11,Local jazz artist hopes community connection can take him to legislature,candidate_interview,2,2026-07-30,2026-07-30,https://www.channel3000.com/news/local-jazz-artist-hopes-community-connection-can-take-him-to-legislature/article_77c8ea0e-ef0e-4eda-ad2c-de48c79bc0dc.html,https://www.channel3000.com/news/local-jazz-artist-hopes-community-connection-can-take-him-to-legislature/article_77c8ea0e-ef0e-4eda-ad2c-de48c79bc0dc.html,,candidate quotations throughout interview,analysis,verified,"Attributable campaign-window interview with direct quotations on property taxes, school funding, affordable housing, wealth taxation, trickle-down economics, and regulating ICE activity. Analysis locator/scope: candidate_interview"
3a0534205fa76eca2bfdabc1,race-e87b28f84c6a49987afa,zoe-sullivan,Zoe Sullivan,opponent,2026-08-11,Wisconsin District 76 Primary Candidate Information,candidate_questionnaire,2,2026-08-10,2026-08-10,https://madison.citycast.fm/madison-explained/madison-democrat-candidates-assembly-district-76,https://madison.citycast.fm/madison-explained/madison-democrat-candidates-assembly-district-76,,Zoe Sullivan answers under each question,analysis,verified,"Election-eve questionnaire with direct candidate answers on housing funds, budget surplus, public education, data centers, childcare, transit, taxation, ICE cooperation, and public banking. Analysis locator/scope: candidate_section"
6e71ff1cd5cc547ec4d65502,race-e87b28f84c6a49987afa,zoe-sullivan,Zoe Sullivan,opponent,2026-08-11,She reported on the issues facing Wisconsin. Now she wants to fix them,candidate_interview,2,2026-07-21,2026-07-21,https://www.channel3000.com/news/she-reported-on-the-issues-facing-wisconsin-now-she-wants-to-fix-them/article_ea4fedb9-f421-418a-aca5-9f84888c0c76.html,https://www.channel3000.com/news/she-reported-on-the-issues-facing-wisconsin-now-she-wants-to-fix-them/article_ea4fedb9-f421-418a-aca5-9f84888c0c76.html,,candidate quotations throughout interview,analysis,verified,"Attributable campaign-window interview with direct quotations on transit, traffic safety, universal childcare, public banking, millionaire taxation, school vouchers, Act 10, coalition building, and progressive governance. Analysis locator/scope: candidate_interview"
