context_entry_id,state,state_code,cycle_year,organization_level,context_category,organization,endorsing_body,title,platform_type,adoption_date,effective_date,source_url,archive_url,verification_status,notes
context-dnc-ma-2016,Massachusetts,MA,2016,national,dnc_national,Democratic National Committee,,2016 Democratic Party Platform,national_party_platform,2016-07-25,2016-07-25,https://democrats.org/wp-content/uploads/sites/2/2019/07/2016_DNC_Platform.pdf,,verified,Official DNC platform aligned to the 2016 Massachusetts primary cycle.
context-dsa-national-ma-2016,Massachusetts,MA,2016,national,dsa_national,Democratic Socialists of America,,DSA national platform search seed,dsa_national_platform_search_seed,,,https://www.dsausa.org/,,searched_not_found,"Official DSA national site was searched for a qualifying 2016 national platform or equivalent electoral program, and none was confirmed before the later 2017 priorities-resolution cycle."
context-boston-dsa-ma-2016,Massachusetts,MA,2016,local,dsa_state_local,Boston Democratic Socialists of America,Boston DSA,Boston DSA endorsement process archive search seed,chapter_questionnaire_or_platform_search_seed,,,https://bostondsa.org/endorsements/,,source_unavailable,"Searched Boston DSA’s official endorsements pages and WordPress content index for Connolly, questionnaire, electoral, endorsement, and platform materials. The current official platform was first published May 31, 2026 and is not cycle-appropriate; the official site exposes no 2016 questionnaire or adopted local platform, and Wayback discovery found no Boston DSA site capture before July 2017. A cycle-appropriate official 2016 source therefore could not be retrieved, and no third-party questionnaire was substituted."
context-state-party-ma-2016,Massachusetts,MA,2016,state,state_democratic_party,Massachusetts Democratic Party,,2013 Massachusetts Democratic Party Platform,state_party_platform_archive,,,http://www.massdems.org/files/2013_MDP_Platform_FINAL.pdf,,verified,Official Massachusetts Democratic Party 2013 platform governed the 2016 cycle; research also identified an archived platform page capture dated 2017-04-03.
context-dnc-me-2016,Maine,ME,2016,national,dnc_national,Democratic National Committee,,2016 Democratic Party Platform,national_party_platform,2016-07-25,2016-07-25,https://democrats.org/wp-content/uploads/sites/2/2019/07/2016_DNC_Platform.pdf,,verified,Official DNC platform aligned to the 2016 Maine primary cycle.
context-dsa-national-me-2016,Maine,ME,2016,national,dsa_national,Democratic Socialists of America,,DSA national platform search seed,dsa_national_platform_search_seed,,,https://www.dsausa.org/,,searched_not_found,"Official DSA national site was searched for a qualifying 2016 national platform or equivalent electoral program, and none was confirmed before the later 2017 priorities-resolution cycle."
context-state-party-me-2016,Maine,ME,2016,state,state_democratic_party,Maine Democratic Party,,Maine Democratic Party platform search seed,state_party_platform_search_seed,,,https://www.mainedems.org/,,searched_not_found,The official Maine Democrats site was located but no official 2016 platform document was isolated in the bounded pass.
context-dsa-national-ny-2017,New York,NY,2017,national,dsa_national,Democratic Socialists of America,,DSA national platform search seed,dsa_national_platform_search_seed,,,https://www.dsausa.org/,,searched_not_found,"Official DSA national site was searched for a qualifying 2017 national platform or equivalent electoral program before the later 2017 priorities-resolution cycle, and none was confirmed for the represented 2017 primary cycle."
context-state-party-ny-full-platform-2017,New York,NY,2017,state,state_democratic_party,New York State Democratic Party,,New York State Democratic Party full platform search seed,state_party_platform_search_seed,,,https://www.nydems.org/about,,searched_not_found,"Official New York State Democratic Party materials were searched for a qualifying full state platform, but only about/resolution/archive analog materials were confirmed in the bounded pass."
synthetic-pa-2017-dsa_state_local-e5c35959bea8de72,Pennsylvania,PA,2017,local,dsa_state_local,Pittsburgh Democratic Socialists of America,Pittsburgh DSA,Pittsburgh DSA 2017 Mik Pappas Endorsement Statement and Electoral Justice Planks,chapter_electoral_endorsement_planks,,2017-11-01,https://pghdsa.org/2017/11/01/statement-on-pittsburgh-dsa-endorsement-of-mik-pappas/,https://web.archive.org/web/20171108172922id_/http://pghdsa.org:80/2017/11/01/statement-on-pittsburgh-dsa-endorsement-of-mik-pappas/,verified,"Verified official, cycle-specific Pittsburgh DSA electoral planks. The chapter statement affirms its membership-backed 2017 endorsement and states the governing rationale: democratic control for public need, opposition to eviction rubber-stamping and criminalization of addiction, recognition of justice-system disparities, opposition to punitive cash-bail effects, and access to justice. The official site and complete 2017 Wayback URL inventory were searched for a standalone chapter platform or candidate questionnaire; none was recovered, so this is cataloged as endorsement planks rather than a full platform/questionnaire. The endorsement vote date is not stated; November 1 is the official statement publication/effective date."
synthetic-pa-2017-state_democratic_party-4fbd1fff57e47281,Pennsylvania,PA,2017,state,state_democratic_party,Pennsylvania Democratic Party,,Pennsylvania Democratic Party platform status for 2017,state_party_platform,,,https://www.padems.org/,,searched_not_found,"Searched the official Pennsylvania Democratic Party site and indexed padems.org results for platform, policy-platform, convention, resolution, and PDF materials, and checked likely official platform URLs in the Wayback Machine. Reporting confirms a September 2017 policy-platform amendment concerning marijuana legalization, but no official or archived full adopted 2017 state-party platform/planks document was recovered."
context-state-party-az-2018,Arizona,AZ,2018,state,state_democratic_party,Arizona Democratic Party,,Arizona Democratic Party full platform search seed,state_party_platform_search_seed,,,https://azdem.org/,,searched_not_found,"Official Arizona Democratic Party sitemap, site search, and CDX discovery were checked for the 2018 cycle, but no qualifying full state platform document was recovered."
context-dsa-national-ca-2018,California,CA,2018,national,dsa_national,Democratic Socialists of America,,Public Document of 2017 Convention Resolutions,dsa_national_convention_resolutions,2017,2017,https://d3n8a8pro7vhmx.cloudfront.net/dsausa/pages/4039/attachments/original/1510787414/Public_Document_of_2017_Convention_Resolutions.pdf?1510787414,https://web.archive.org/web/20190325180138id_/https://www.dsausa.org/statements/resolutions_from_2017_convention/,verified,Official 18-page public document of resolutions passed tabled and failed at the 2017 DSA convention linked by the archived official DSA convention-resolutions page. Used as the best available 2018-2019 national organizational context; it is broader than a standalone electoral platform.
context-state-party-ca-2018,California,CA,2018,state,state_democratic_party,California Democratic Party,,CADEM platform archive,state_party_platform_archive,,,https://web.archive.org/web/20180221053955/https://www.cadem.org/platform,https://web.archive.org/web/20180221053955/https://www.cadem.org/platform,verified,Official California Democratic Party platform archive used for the 2018 cycle.
synthetic-co-2018-state_democratic_party-b4f81871bbb58c8e,Colorado,CO,2018,state,state_democratic_party,Colorado Democratic Party,,Colorado Democratic Party platform status for 2018,state_party_platform,,,https://www.coloradodems.org/platform/,,searched_not_found,"Searched the official Colorado Democratic Party site, indexed coloradodems.org results, likely PDF/upload locations, and Wayback availability for the official platform page. The current official page identifies its platform as adopted in 2024; a June 2023 official-page archive lacks an adoption year, and a secondary copy labeled 2018 could not be tied to an official or archived official source. No cycle-appropriate official 2018 platform/planks URL was verified."
context-state-party-hi-2018,Hawaii,HI,2018,state,state_democratic_party,Democratic Party of Hawaii,,2018 Democratic Party of Hawaii Platform,state_party_platform_archive,2018-05-28,2018-05-28,https://web.archive.org/web/20180701124407/https://hawaiidemocrats.org/wp-content/uploads/2018/06/2018-05-28-Platform-FINAL.pdf,https://web.archive.org/web/20180701124407/https://hawaiidemocrats.org/wp-content/uploads/2018/06/2018-05-28-Platform-FINAL.pdf,verified,Archived official Hawaii Democratic Party platform PDF used for the 2018 cycle.
context-state-party-il-2018,Illinois,IL,2018,state,state_democratic_party,Democratic Party of Illinois,,Democratic Party of Illinois full platform search seed,state_party_platform_search_seed,,,https://www.ildems.com/,,searched_not_found,"Official Democratic Party of Illinois site and Wayback discovery were searched for a qualifying 2018 full state platform, but none was confirmed in the bounded pass."
context-state-party-in-2018,Indiana,IN,2018,state,state_democratic_party,Indiana Democratic Party,,Indiana Democratic Party full platform search seed,state_party_platform_search_seed,,,https://www.indems.org/,,searched_not_found,"Official Indiana Democratic Party site and Wayback discovery were searched for a qualifying 2018 full state platform, but none was confirmed in the bounded pass."
context-state-party-ky-2018,Kentucky,KY,2018,state,state_democratic_party,Kentucky Democratic Party,,Kentucky Democratic Party site search seed,state_party_platform_search_seed,,,https://www.kydemocrats.org/,,searched_not_found,Official Kentucky Democratic Party site was searched but no full state party platform document was recovered for the 2018 cycle.
context-state-party-md-2018,Maryland,MD,2018,state,state_democratic_party,Maryland Democratic Party,,Maryland Democratic Party site search seed,state_party_platform_search_seed,,,https://mddems.org/,,searched_not_found,Official Maryland Democratic Party site was searched but no full state party platform document was recovered for the 2018 cycle.
context-state-party-me-2018,Maine,ME,2018,state,state_democratic_party,Maine Democratic Party,,Maine Democratic Party platform search seed,state_party_platform_search_seed,,,https://www.mainedems.org/,,searched_not_found,"Official Maine Democratic Party site and Wayback discovery were searched for a qualifying 2018 full platform document, but none was confirmed in the bounded pass."
context-state-party-mi-2018,Michigan,MI,2018,state,state_democratic_party,Michigan Democratic Party,,Michigan Democratic Party full platform search seed,state_party_platform_search_seed,,,https://michigandems.com/,,searched_not_found,"Official Michigan Democratic Party site and Wayback discovery were searched for a qualifying 2018 full state platform, but none was confirmed in the bounded pass."
context-state-party-ms-2018,Mississippi,MS,2018,state,state_democratic_party,Mississippi Democratic Party,,Mississippi Democratic Party full platform search seed,state_party_platform_search_seed,,,https://www.mississippidemocrats.org/,,searched_not_found,"Official Mississippi Democratic Party site and Wayback discovery were searched for a qualifying 2018 full state platform, but none was confirmed in the bounded pass."
context-state-party-mt-2018,Montana,MT,2018,state,state_democratic_party,Montana Democratic Party,,Montana Democratic Party site search seed,state_party_platform_search_seed,,,https://www.montanademocrats.org/,,searched_not_found,Official Montana Democratic Party site was searched but no full state party platform document was recovered for the 2018 cycle.
context-state-party-nv-2018,Nevada,NV,2018,state,state_democratic_party,Nevada State Democratic Party,,Nevada Democratic Party platform search seed,state_party_platform_search_seed,,,https://nvdems.com/,,searched_not_found,"Official Nevada Democratic Party media materials and historical/archival discovery were searched for a recoverable 2018 full state platform, but no qualifying full platform document was confirmed in the bounded pass."
context-state-party-ny-full-platform-2018,New York,NY,2018,state,state_democratic_party,New York State Democratic Party,,New York State Democratic Party full platform search seed,state_party_platform_search_seed,,,https://www.nydems.org/about,,searched_not_found,"Official New York State Democratic Party materials were searched for a qualifying full state platform, but only about/resolution/archive analog materials were confirmed in the bounded pass."
context-state-party-pa-full-platform-2018,Pennsylvania,PA,2018,state,state_democratic_party,Pennsylvania Democratic Party,,Pennsylvania Democratic Party full platform search seed,state_party_platform_search_seed,,,https://www.padems.com/what-we-stand-for/,,searched_not_found,"Official Pennsylvania Democratic Party materials were searched for a qualifying full platform for this cycle, but only the What We Stand For issue-page analog was confirmed in the bounded pass."
context-state-party-ri-2018,Rhode Island,RI,2018,state,state_democratic_party,Rhode Island Democratic Party,,Rhode Island Democratic Party Platform,state_party_platform,2018,2018,https://www.ridemocrats.org/wp-content/uploads/2019/02/Rhode-Island-Democratic-Party-Platform.pdf,,verified,Official Rhode Island Democratic Party platform PDF used for the 2018 cycle.
synthetic-tx-2018-dsa_state_local-916d26c29ae7273a,Texas,TX,2018,local,dsa_state_local,Houston Democratic Socialists of America,Houston DSA,Houston DSA 2018 Primary Endorsement Slate and Issue Planks,chapter_endorsement_slate_issue_planks,2018-01-15,2018,https://houstondsa.org/2018/01/15/houston-dsa-announces-2018-primary-endorsements/,https://web.archive.org/web/20191021140606id_/https://houstondsa.org/2018/01/15/houston-dsa-announces-2018-primary-endorsements/,verified,"Official Houston DSA 2018 primary endorsement announcement states the slate was adopted by a majority membership vote and records cycle-specific planks including economic and social equality, workplace/community democracy, criminal-justice reform, public education, Medicaid expansion, a higher minimum wage, climate action, Medicare for All, reproductive rights, and labor rights. Publication date is used for adoption_date. This is an official endorsement slate with issue planks, not a standalone full platform or questionnaire."
context-state-party-tx-2018,Texas,TX,2018,state,state_democratic_party,Texas Democratic Party,,2018 Texas Democratic Party Platform,state_party_platform,2018-07-01,2018-07-01,https://texasdemocrats.org/wp-content/uploads/2018/07/2018-Texas-Democratic-Party-Platform.pdf,https://web.archive.org/web/20180718190850/https://texasdemocrats.org/wp-content/uploads/2018/07/2018-Texas-Democratic-Party-Platform.pdf,verified,Official Texas Democratic Party 2018 platform PDF.
context-state-party-wi-2018,Wisconsin,WI,2018,state,state_democratic_party,Democratic Party of Wisconsin,,DPW 2018 Platform adopted by convention on 2 June 2018,state_party_platform,2018-06-02,2018-06-02,https://wisdems.org/e186d21f8c7946a19faed23c3da2f0da/fcc4f1c94aa9414eaa887852bac4f180/files/2018-Convention-Documents/DPW-2018-Platform---Adopted-by-Convention-on-2-June-2018.pdf,,verified,Official Democratic Party of Wisconsin 2018 platform PDF adopted on 2 June 2018.
context-state-party-la-2019,Louisiana,LA,2019,state,state_democratic_party,Louisiana Democratic Party,,Louisiana Democratic Party site search seed,state_party_platform_search_seed,,,https://lademo.org/,,searched_not_found,Official Louisiana Democratic Party site was searched but no full state party platform document was recovered for the 2019 cycle.
context-state-party-mo-2019,Missouri,MO,2019,state,state_democratic_party,Missouri Democratic Party,,Missouri Democratic Party full platform search seed,state_party_platform_search_seed,,,https://missouridems.org/,,searched_not_found,"Official Missouri Democratic Party materials and Wayback discovery were searched for a qualifying 2019 full state platform, but none was confirmed in the bounded pass."
context-state-party-ny-full-platform-2019,New York,NY,2019,state,state_democratic_party,New York State Democratic Party,,New York State Democratic Party full platform search seed,state_party_platform_search_seed,,,https://www.nydems.org/about,,searched_not_found,"Official New York State Democratic Party materials were searched for a qualifying full state platform, but only about/resolution/archive analog materials were confirmed in the bounded pass."
context-state-party-pa-full-platform-2019,Pennsylvania,PA,2019,state,state_democratic_party,Pennsylvania Democratic Party,,Pennsylvania Democratic Party full platform search seed,state_party_platform_search_seed,,,https://www.padems.com/what-we-stand-for/,,searched_not_found,"Official Pennsylvania Democratic Party materials were searched for a qualifying full platform for this cycle, but only the What We Stand For issue-page analog was confirmed in the bounded pass."
context-state-party-va-full-platform-2019,Virginia,VA,2019,state,state_democratic_party,Democratic Party of Virginia,,Democratic Party of Virginia full platform search seed,state_party_platform_search_seed,,,https://vademocrats.org/,,searched_not_found,"Official Democratic Party of Virginia materials were searched for a qualifying full policy platform, but only party-plan/procedural materials were confirmed in the bounded pass."
context-dnc-ca-2020,California,CA,2020,national,dnc_national,Democratic National Committee,,2020 Democratic Party Platform,national_party_platform,2020-08-17,2020-08-17,https://democrats.org/wp-content/uploads/sites/2/2020/08/2020-Democratic-Party-Platform.pdf,,verified,Official DNC platform aligned to 2020-2023 represented primary cycles until superseded by the 2024 platform.
context-dsa-national-ca-2020,California,CA,2020,national,dsa_national,Democratic Socialists of America,,2019 convention electoral strategy resolutions (#31 and #82),dsa_national_electoral_strategy_resolutions,2019,2019,https://docs.google.com/document/d/126wVQCrdpfzS1KfPr6vsVY3rKtMXhKZTH4Lq2oohDh8/edit,,verified,"Official DSA national electoral-strategy resolution text covering 2020-2021 cycles; the official convention results page is https://www.dsausa.org/national-convention/?sfns=mo. This is an electoral-strategy resolution set, not a full platform."
context-east-bay-dsa-ca-2020,California,CA,2020,local,dsa_state_local,East Bay Democratic Socialists of America,East Bay DSA,East Bay DSA Platform,chapter_platform,,,https://www.eastbaydsa.org/platform/,,verified,Official chapter platform used as California local context for the 2020 cycle.
context-state-party-ca-2020,California,CA,2020,state,state_democratic_party,California Democratic Party,,Our Platform,state_party_platform,,,https://cadem.org/our-platform/,https://web.archive.org/web/20220526231519/https://cadem.org/our-platform/,verified,Official California Democratic Party platform page applied to the 2020 cycle; 2022 archive capture preserves the page state.
context-state-party-co-2020,Colorado,CO,2020,state,state_democratic_party,Colorado Democratic Party,,Colorado Democratic Party full platform search seed,state_party_platform_search_seed,,,https://www.coloradodems.org/platform/,,searched_not_found,"Official Colorado Democratic Party materials and archived discovery were searched for a qualifying 2020 full state platform, but none was confirmed in the bounded pass."
context-state-party-ct-2020,Connecticut,CT,2020,state,state_democratic_party,Connecticut Democrats,,Connecticut Democrats full platform search seed,state_party_platform_search_seed,,,https://ctdems.org/,,searched_not_found,"Official Connecticut Democrats site, sitemap/search, and Wayback discovery were searched for a qualifying 2020 full state platform, but none was confirmed in the bounded pass."
context-state-party-dc-2020,District of Columbia,DC,2020,state,state_democratic_party,DC Democratic Party,,DC Democratic Party site search seed,state_party_platform_search_seed,,,https://dcdemocraticparty.org/,,searched_not_found,Official DC Democratic Party site was searched but no full state party platform document was recovered for the 2020 cycle.
context-state-party-de-2020,Delaware,DE,2020,state,state_democratic_party,Delaware Democratic Party,,2017 Delaware Democratic Party Platform,state_party_platform,2017-07-01,2017-07-01,https://delawaredems.com/wp-content/uploads/2017/07/2017-Platform.pdf,https://web.archive.org/web/20180626002655/https://delawaredems.com/wp-content/uploads/2017/07/2017-Platform.pdf,verified,Official Delaware Democratic Party 2017 platform carried into the 2020 cycle.
context-state-party-fl-2020,Florida,FL,2020,state,state_democratic_party,Florida Democratic Party,,Florida Democratic Party full platform search seed,state_party_platform_search_seed,,,https://www.floridadems.org/,,searched_not_found,"Official Florida Democratic Party site and Wayback discovery were searched for a qualifying 2020 full state platform, but none was confirmed in the bounded pass."
context-state-party-ga-2020,Georgia,GA,2020,state,state_democratic_party,Democratic Party of Georgia,,Democratic Party of Georgia full platform search seed,state_party_platform_search_seed,,,https://georgiademocrat.org/,,searched_not_found,"Official Democratic Party of Georgia site and Wayback discovery were searched for a qualifying 2020 full state platform, but none was confirmed in the bounded pass."
context-state-party-id-2020,Idaho,ID,2020,state,state_democratic_party,Idaho Democratic Party,,Where We Stand,state_party_platform_archive,,2020,https://web.archive.org/web/20200712232316/https://idahodems.org/where-we-stand/,https://web.archive.org/web/20200712232316/https://idahodems.org/where-we-stand/,verified,Archived official Idaho Democratic Party platform page used for the 2020 cycle.
context-state-party-il-2020,Illinois,IL,2020,state,state_democratic_party,Democratic Party of Illinois,,Democratic Party of Illinois full platform search seed,state_party_platform_search_seed,,,https://www.ildems.com/,,searched_not_found,"Official Democratic Party of Illinois site and Wayback discovery were searched for a qualifying 2020 full state platform, but none was confirmed in the bounded pass."
context-state-party-ks-2020,Kansas,KS,2020,state,state_democratic_party,Kansas Democratic Party,,Kansas Democratic Party full platform search seed,state_party_platform_search_seed,,,https://kansasdems.org/,,searched_not_found,"Official Kansas Democratic Party site and Wayback discovery were searched for a qualifying 2020 full state platform, but none was confirmed in the bounded pass."
context-state-party-ky-2020,Kentucky,KY,2020,state,state_democratic_party,Kentucky Democratic Party,,Kentucky Democratic Party site search seed,state_party_platform_search_seed,,,https://www.kydemocrats.org/,,searched_not_found,Official Kentucky Democratic Party site was searched but no full state party platform document was recovered for the 2020 cycle.
context-state-party-ma-2020,Massachusetts,MA,2020,state,state_democratic_party,Massachusetts Democratic Party,,Massachusetts Democratic Party full platform search seed,state_party_platform_search_seed,,,https://massdems.org/,,searched_not_found,"Official Massachusetts Democratic Party materials were searched for a qualifying 2020 full state platform. The 2013 and 2021 platforms were identified, but no continuity evidence justified a 2020 carry-forward."
context-state-party-md-2020,Maryland,MD,2020,state,state_democratic_party,Maryland Democratic Party,,Maryland Democratic Party site search seed,state_party_platform_search_seed,,,https://mddems.org/,,searched_not_found,Official Maryland Democratic Party site was searched but no full state party platform document was recovered for the 2020 cycle.
context-state-party-mi-2020,Michigan,MI,2020,state,state_democratic_party,Michigan Democratic Party,,2020 MDP Platform Final Draft,state_party_platform,2020-08,2020-08,https://michigandems.com/wp-content/uploads/2020/08/2020-MDP-Platform-Final-Draft-8.28-.pdf,https://michigandems.com/wp-json/wp/v2/media/8454,verified,Official Michigan Democratic Party 2020 full platform PDF with official media metadata evidence.
synthetic-mn-2020-state_democratic_party-526c636ca95e8a74,Minnesota,MN,2020,state,state_democratic_party,Minnesota Democratic Party,,2020 Minnesota DFL State Convention Passed Resolutions,state_party_adopted_resolutions,2020,2020,https://www.dfl.org/wp-content/uploads/2020/08/State-Convention-Passed-Resolutions-2020.pdf,https://web.archive.org/web/20200920053640id_/https://www.dfl.org/wp-content/uploads/2020/08/State-Convention-Passed-Resolutions-2020.pdf,verified,"The official Minnesota DFL upload is a six-page document titled “State Convention Passed Resolutions 2020,” listing each adopted plank, description, convention vote total, and rank. It is cycle-specific official adopted-plank evidence. The live file now returns 404, but Wayback CDX confirmed the official dfl.org PDF and this September 20, 2020 capture preserves it; the official DFL Ongoing Platform and 2020 site/PDF archive were also searched."
context-state-party-mo-2020,Missouri,MO,2020,state,state_democratic_party,Missouri Democratic Party,,Missouri Democratic Party full platform search seed,state_party_platform_search_seed,,,https://missouridems.org/,,searched_not_found,"Official Missouri Democratic Party materials and Wayback discovery were searched for a qualifying 2020 full state platform, but none was confirmed in the bounded pass."
context-state-party-mt-2020,Montana,MT,2020,state,state_democratic_party,Montana Democratic Party,,Montana Democratic Party site search seed,state_party_platform_search_seed,,,https://www.montanademocrats.org/,,searched_not_found,Official Montana Democratic Party site was searched but no full state party platform document was recovered for the 2020 cycle.
context-state-party-nc-2020,North Carolina,NC,2020,state,state_democratic_party,North Carolina Democratic Party,,Platform & Resolutions Committee: 2020 Platform Report,state_party_platform,2020-06-06,2020-06-06,https://drive.google.com/file/d/1YdJIp2r-sG7XKQSgqLH1hAOVx7MvH29X/view?usp=sharing,https://www.ncdp.org/2020-stateconvention/,verified,Official North Carolina Democratic Party 2020 state-convention platform report linked from the official convention page.
context-state-party-ny-full-platform-2020,New York,NY,2020,state,state_democratic_party,New York State Democratic Party,,New York State Democratic Party full platform search seed,state_party_platform_search_seed,,,https://www.nydems.org/about,,searched_not_found,"Official New York State Democratic Party materials were searched for a qualifying full state platform, but only about/resolution/archive analog materials were confirmed in the bounded pass."
context-state-party-or-2020,Oregon,OR,2020,state,state_democratic_party,Democratic Party of Oregon,,Democratic Party of Oregon platform search seed,state_party_platform_search_seed,,,https://dpo.org/,,searched_not_found,A full Oregon Democratic Party platform for the 2020 cycle was not recovered in the bounded pass; research suggests a likely 2019 platform period but no qualifying full document was confirmed.
context-state-party-pa-full-platform-2020,Pennsylvania,PA,2020,state,state_democratic_party,Pennsylvania Democratic Party,,Pennsylvania Democratic Party full platform search seed,state_party_platform_search_seed,,,https://www.padems.com/what-we-stand-for/,,searched_not_found,"Official Pennsylvania Democratic Party materials were searched for a qualifying full platform for this cycle, but only the What We Stand For issue-page analog was confirmed in the bounded pass."
context-ri-dsa-ri-2020-endorsements,Rhode Island,RI,2020,local,dsa_state_local,Rhode Island Democratic Socialists of America,Rhode Island DSA,Rhode Island DSA Endorsements,chapter_endorsement_archive,,,https://ridsa.org/endorsements,,verified,Official Rhode Island DSA endorsements page used as local electoral context for the 2020 cycle; not a full platform.
context-ri-dsa-ri-2020-strategy,Rhode Island,RI,2020,local,dsa_state_local,Rhode Island Democratic Socialists of America,Rhode Island DSA,Rhode Island DSA Electoral Strategy,chapter_electoral_strategy,,,https://ridsa.org/electoral-strategy,,verified,Official Rhode Island DSA electoral strategy page used as local electoral context for the 2020 cycle; not a full platform.
context-state-party-ri-2020,Rhode Island,RI,2020,state,state_democratic_party,Rhode Island Democratic Party,,Rhode Island Democratic Party Platform carried into the 2020 cycle,state_party_platform,2018,2018,https://www.ridemocrats.org/wp-content/uploads/2019/02/Rhode-Island-Democratic-Party-Platform.pdf,https://web.archive.org/web/20200924203537/https://www.ridemocrats.org/wp-content/uploads/2019/02/Rhode-Island-Democratic-Party-Platform.pdf,verified,"Official Rhode Island Democratic Party platform PDF carried into the 2020 cycle with archived September 24, 2020 continuity evidence."
context-state-party-tn-2020,Tennessee,TN,2020,state,state_democratic_party,Tennessee Democratic Party,,Tennessee Democratic Party full platform search seed,state_party_platform_search_seed,,,https://tndp.org/,,searched_not_found,"Official Tennessee Democratic Party site and Wayback discovery were searched for a qualifying 2020 full state platform, but none was confirmed in the bounded pass."
context-state-party-tx-2020,Texas,TX,2020,state,state_democratic_party,Texas Democratic Party,,2020 Texas Democratic Party Platform,state_party_platform,2020-07-01,2020-07-01,https://texasdemocrats.org/wp-content/uploads/2020/07/2020-Texas-Democratic-Party-Platform.pdf,https://web.archive.org/web/20200923185648/https://texasdemocrats.org/wp-content/uploads/2020/07/2020-Texas-Democratic-Party-Platform.pdf,verified,Official Texas Democratic Party 2020 platform PDF.
context-state-party-va-full-platform-2020,Virginia,VA,2020,state,state_democratic_party,Democratic Party of Virginia,,Democratic Party of Virginia full platform search seed,state_party_platform_search_seed,,,https://vademocrats.org/,,searched_not_found,"Official Democratic Party of Virginia materials were searched for a qualifying full policy platform, but only party-plan/procedural materials were confirmed in the bounded pass."
context-state-party-vt-2020,Vermont,VT,2020,state,state_democratic_party,Vermont Democratic Party,,Vermont Democratic Party Platform carried into the 2020 cycle,state_party_platform_archive,2018,2018,https://web.archive.org/web/20200817080021/https://www.vtdemocrats.org/platform,https://web.archive.org/web/20200817080021/https://www.vtdemocrats.org/platform,verified,Official Vermont Democratic Party 2018 platform archive carried into the 2020 cycle.
context-state-party-wa-2020,Washington,WA,2020,state,state_democratic_party,Washington State Democratic Party,,WSDCC 2020 Final Platform,state_party_platform,2020-06-01,2020-06-01,https://wadems.org/wp-content/uploads/2020/06/WSDCC-2020-Final-Platform.pdf,,verified,Official Washington State Democratic Party 2020 platform PDF.
context-state-party-wi-2020,Wisconsin,WI,2020,state,state_democratic_party,Democratic Party of Wisconsin,,DPW 2018 Platform carried into the 2020 cycle,state_party_platform,2018-06-02,2018-06-02,https://wisdems.org/e186d21f8c7946a19faed23c3da2f0da/fcc4f1c94aa9414eaa887852bac4f180/files/2018-Convention-Documents/DPW-2018-Platform---Adopted-by-Convention-on-2-June-2018.pdf,,verified,Official Democratic Party of Wisconsin 2018 adopted platform carried forward as the best available full platform for the 2020 cycle until superseded by a later verified platform.
context-state-party-az-2021,Arizona,AZ,2021,state,state_democratic_party,Arizona Democratic Party,,Arizona Democratic Party full platform search seed,state_party_platform_search_seed,,,https://azdem.org/,,searched_not_found,"Official Arizona Democratic Party sitemap, site search, and CDX discovery were checked for the 2021 cycle, but no qualifying full state platform document was recovered."
synthetic-ct-2021-state_democratic_party-f61a10ccdb368948,Connecticut,CT,2021,state,state_democratic_party,Connecticut Democratic Party,,Connecticut Democrats Platform,state_party_platform,,,https://ctdems.org/your-party/platform/,https://web.archive.org/web/20210728030137/https://ctdems.org/your-party/platform/,verified,"The official Connecticut Democrats platform page was live throughout 2021; Wayback CDX located official captures in February, May, July, and October 2021. The selected July 28 capture preserves the full platform with planks covering education, economic security, health care, environment, criminal justice, civil rights, guns, transportation, voting, immigration, and press freedom. The page does not state an adoption date, so adoption/effective dates are left blank; the original historical URL now redirects to the party homepage."
synthetic-ny-2021-dsa_state_local-085aceedf419e882,New York,NY,2021,local,dsa_state_local,Mid-Hudson Valley,Mid-Hudson Valley,Statement: Phil Erner’s Victory Against the 14-Term Incumbent and Chair of the Ulster County Legislature,chapter_endorsement_statement_with_electoral_planks,2021-07-01,2021-07-01,https://mhvdsa.org/phil-erners-victory/,https://web.archive.org/web/20221003210438/https://mhvdsa.org/phil-erners-victory/,verified,"Official Mid-Hudson Valley DSA 2021 endorsement/campaign statement. It is not a standalone chapter platform or questionnaire, but it supplies cycle-specific adopted electoral planks: affordable housing and basic needs, universal health care/New York Health Act, school and hospital funding, public power, green jobs, and a Green New Deal. Official live page and archive verified; sitemap publication metadata dates the statement to 2021-07-01."
context-state-party-ny-full-platform-2021,New York,NY,2021,state,state_democratic_party,New York State Democratic Party,,New York State Democratic Party full platform search seed,state_party_platform_search_seed,,,https://www.nydems.org/about,,searched_not_found,"Official New York State Democratic Party materials were searched for a qualifying full state platform, but only about/resolution/archive analog materials were confirmed in the bounded pass."
context-state-party-oh-2021,Ohio,OH,2021,state,state_democratic_party,Ohio Democratic Party,,Ohio Democratic Party platform search seed,state_party_platform_search_seed,,,https://ohiodems.org/,,searched_not_found,Official Ohio Democratic Party site/API and media search did not recover a qualifying full state platform for the 2021 represented cycle.
context-state-party-pa-full-platform-2021,Pennsylvania,PA,2021,state,state_democratic_party,Pennsylvania Democratic Party,,Pennsylvania Democratic Party full platform search seed,state_party_platform_search_seed,,,https://www.padems.com/what-we-stand-for/,,searched_not_found,"Official Pennsylvania Democratic Party materials were searched for a qualifying full platform for this cycle, but only the What We Stand For issue-page analog was confirmed in the bounded pass."
context-state-party-va-2021,Virginia,VA,2021,state,state_democratic_party,Democratic Party of Virginia,,Democratic Party of Virginia party plan context,state_party_procedural_plan,,,https://vademocrats.org/,,verified,Official Democratic Party of Virginia party plan/procedural materials provide organizational context but are not a full platform.
context-dsa-national-ca-2022,California,CA,2022,national,dsa_national,Democratic Socialists of America,,2021 DSA National Platform second draft,dsa_national_platform_draft,2021,2021,https://convention2021.dsausa.org/files/sites/23/2021/06/Democratic-Socialists-of-America-2021-Platform-Second-Draft.pdf,,verified,"Official 2021 convention platform-development materials used as the best available full-text national platform context for 2022-2023; official process page: https://convention2021.dsausa.org/platform-development/. Draft/final equivalence remains uncertain, so this should be treated as an official draft with noted final-text uncertainty."
context-east-bay-dsa-ca-2022,California,CA,2022,local,dsa_state_local,East Bay Democratic Socialists of America,East Bay DSA,East Bay DSA Platform,chapter_platform,,,https://www.eastbaydsa.org/platform/,,verified,Official chapter platform used as California local context for the 2022 cycle.
context-state-party-ca-2022,California,CA,2022,state,state_democratic_party,California Democratic Party,,Our Platform,state_party_platform,,,https://cadem.org/our-platform/,https://web.archive.org/web/20220526231519/https://cadem.org/our-platform/,verified,Official California Democratic Party platform page archived in 2022 and applied to the 2022 cycle.
context-state-party-co-2022,Colorado,CO,2022,state,state_democratic_party,Colorado Democratic Party,,Colorado Democratic Party full platform search seed,state_party_platform_search_seed,,,https://www.coloradodems.org/platform/,,searched_not_found,"Official Colorado Democratic Party materials and archived discovery were searched for a qualifying 2022 full state platform, but none was confirmed in the bounded pass."
context-metro-dc-dsa-dc-2022,District of Columbia,DC,2022,local,dsa_state_local,Metro DC Democratic Socialists of America,Metro DC DSA,2022 Metro DC DSA Endorsement Questionnaire,chapter_questionnaire_pdf,,,https://mdcdsa.org/wp-content/uploads/2021/11/2022-Metro-DC-DSA-Endorsement-Questionnaire-1.pdf,https://web.archive.org/web/20211129122529/https://mdcdsa.org/wp-content/uploads/2021/11/2022-Metro-DC-DSA-Endorsement-Questionnaire-1.pdf,verified,Official Metro DC DSA 2022 endorsement questionnaire PDF used as local electoral context for 2022; not a full platform.
context-state-party-dc-2022,District of Columbia,DC,2022,state,state_democratic_party,DC Democratic Party,,DC Democratic Party site search seed,state_party_platform_search_seed,,,https://dcdemocraticparty.org/,,searched_not_found,Official DC Democratic Party site was searched but no full state party platform document was recovered for the 2022 cycle.
context-state-party-il-2022,Illinois,IL,2022,state,state_democratic_party,Democratic Party of Illinois,,Democratic Party of Illinois full platform search seed,state_party_platform_search_seed,,,https://www.ildems.com/,,searched_not_found,"Official Democratic Party of Illinois site and Wayback discovery were searched for a qualifying 2022 full state platform, but none was confirmed in the bounded pass."
context-state-party-ky-2022,Kentucky,KY,2022,state,state_democratic_party,Kentucky Democratic Party,,Kentucky Democratic Party site search seed,state_party_platform_search_seed,,,https://www.kydemocrats.org/,,searched_not_found,Official Kentucky Democratic Party site was searched but no full state party platform document was recovered for the 2022 cycle.
context-state-party-ma-2022,Massachusetts,MA,2022,state,state_democratic_party,Massachusetts Democratic Party,,2021 Massachusetts Democratic Party Platform carried into the 2022 cycle,state_party_platform,2021,2021,https://www.massdems.org/2021-massachusetts-democratic-party-platform-1.pdf,,verified,Official Massachusetts Democratic Party 2021 platform PDF carried into the 2022 cycle.
context-state-party-md-2022,Maryland,MD,2022,state,state_democratic_party,Maryland Democratic Party,,Maryland Democratic Party site search seed,state_party_platform_search_seed,,,https://mddems.org/,,searched_not_found,Official Maryland Democratic Party site was searched but no full state party platform document was recovered for the 2022 cycle.
context-state-party-mi-2022,Michigan,MI,2022,state,state_democratic_party,Michigan Democratic Party,,2020 MDP Platform Final Draft,state_party_platform,,,https://michigandems.com/wp-content/uploads/2020/08/2020-MDP-Platform-Final-Draft-8.28-.pdf,,verified,Official Michigan Democratic Party 2020 platform used as the best available full state platform for the 2022 cycle.
context-state-party-mo-2022,Missouri,MO,2022,state,state_democratic_party,Missouri Democratic Party,,Missouri Democratic Party full platform search seed,state_party_platform_search_seed,,,https://missouridems.org/,,searched_not_found,"Official Missouri Democratic Party materials and Wayback discovery were searched for a qualifying 2022 full state platform, but none was confirmed in the bounded pass."
context-state-party-ny-full-platform-2022,New York,NY,2022,state,state_democratic_party,New York State Democratic Party,,New York State Democratic Party full platform search seed,state_party_platform_search_seed,,,https://www.nydems.org/about,,searched_not_found,"Official New York State Democratic Party materials were searched for a qualifying full state platform, but only about/resolution/archive analog materials were confirmed in the bounded pass."
context-state-party-or-2022,Oregon,OR,2022,state,state_democratic_party,Democratic Party of Oregon,,2021 Democratic Party of Oregon Platform,state_party_platform_google_doc,2021,2021,https://docs.google.com/document/d/e/2PACX-1vRbhYdY47YIeBM2Y5WAv-KHeTAjEAYgU8T5ifhyK8gB_lPJ5ZqQHMXjQvLfroO6f7a6Htuz6c1RK2Di/pub,,verified,Official Democratic Party of Oregon 2021 platform published via Google Docs for the 2022 cycle; release page: https://dpo.org/news/press-releases/democratic-party-of-oregon-releases-platform-top-legislative-priorities/.
context-state-party-pa-full-platform-2022,Pennsylvania,PA,2022,state,state_democratic_party,Pennsylvania Democratic Party,,Pennsylvania Democratic Party full platform search seed,state_party_platform_search_seed,,,https://www.padems.com/what-we-stand-for/,,searched_not_found,"Official Pennsylvania Democratic Party materials were searched for a qualifying full platform for this cycle, but only the What We Stand For issue-page analog was confirmed in the bounded pass."
context-san-antonio-dsa-tx-2022,Texas,TX,2022,local,dsa_state_local,San Antonio Democratic Socialists of America,San Antonio DSA,San Antonio DSA Publications,chapter_publications_page,,,https://www.sanantoniodsa.org/publications,,verified,Official San Antonio DSA publications page used as local context; not a full platform or electoral questionnaire.
context-state-party-tx-2022,Texas,TX,2022,state,state_democratic_party,Texas Democratic Party,,Texas Democratic Party officially adopts 2022 platform,state_party_platform_adoption_page,2022-07-01,2022-07-01,https://www.texasdemocrats.org/media/media/texas-democratic-party-officially-adopts-2022-platform,,verified,Official Texas Democratic Party adoption page documenting the 2022 platform; this is an adoption page rather than the full platform text.
context-state-party-vt-2022,Vermont,VT,2022,state,state_democratic_party,Vermont Democratic Party,,Vermont Democratic Party Platform,state_party_platform,2022-08-20,2022-08-20,https://www.vtdemocrats.org/platform,,verified,Official Vermont Democratic Party platform page adopted on 20 August 2022.
context-seattle-dsa-wa-2022-archive,Washington,WA,2022,local,dsa_state_local,Seattle Democratic Socialists of America,Seattle DSA,Our 2021 & 2022 Endorsements,chapter_endorsement_archive,,,https://seattledsa.org/endorsements-2021/,,verified,Official Seattle DSA endorsement archive page retained as local electoral context for the 2022 cycle; not a full platform.
context-state-party-wa-2022,Washington,WA,2022,state,state_democratic_party,Washington State Democratic Party,,2022 Washington State Democratic Party Platform,state_party_platform,2022-07,2022-07,https://www.wa-democrats.org/wp-content/uploads/2022/07/2022-Platform.pdf,,verified,Official Washington State Democratic Party 2022 platform PDF.
synthetic-wi-2022-dsa_state_local-f37ddef85d061bca,Wisconsin,WI,2022,local,dsa_state_local,Milwaukee,Milwaukee,Milwaukee Democratic Socialists of America Announces Socialist Slate for Milwaukee County Board of Supervisors,chapter_endorsement_slate_with_electoral_planks,2022-01-26,2022-01-26,https://milwaukee.dsawi.org/milwaukee-democratic-socialists-of-america-announces-socialist-slate-for-milwaukee-county-board-of-supervisors/,https://web.archive.org/web/20220210070744/https://milwaukee.dsawi.org/milwaukee-democratic-socialists-of-america-announces-socialist-slate-for-milwaukee-county-board-of-supervisors/,verified,"Official Milwaukee DSA spring-2022 socialist-slate announcement. It is not a standalone questionnaire, but records the chapter-endorsed slate and cycle-specific planks: working-class political control, opposition to fossil-fuel capitalism, systemic change, a just society, democratic economy, and sustainable environment. Official live page and contemporaneous archive verified; publication date was 2022-01-26."
synthetic-wi-2022-state_democratic_party-fe3b569c9e7f1cbc,Wisconsin,WI,2022,state,state_democratic_party,Wisconsin Democratic Party,,"DPW 2022 Platform — Adopted by Convention on June 26, 2022",state_party_platform,2022-06-26,2022-06-26,https://wisdems.org/wp-content/uploads/2022/07/DPW-2022-Platform-Adopted-by-Convention-on-June-26-2022.pdf,https://web.archive.org/web/20220808041850id_/https://wisdems.org/wp-content/uploads/2022/07/DPW-2022-Platform-Adopted-by-Convention-on-June-26-2022.pdf,verified,"Verified through an archived PDF on the official Democratic Party of Wisconsin domain. The PDF metadata names the document “DPW 2022 Platform - Adopted by Convention on June 26 2022”; the live file now returns 404, but the official-domain Wayback capture is intact."
context-state-party-ct-2023,Connecticut,CT,2023,state,state_democratic_party,Connecticut Democrats,,Connecticut Democrats full platform search seed,state_party_platform_search_seed,,,https://ctdems.org/,,searched_not_found,"Official Connecticut Democrats site, sitemap/search, and Wayback discovery were searched for a qualifying 2023 full state platform, but none was confirmed in the bounded pass."
context-state-party-in-2023,Indiana,IN,2023,state,state_democratic_party,Indiana Democratic Party,,Hoosier Promise 2022 Platform page carried into the 2023 cycle,state_party_platform_archive,2022,2022,https://web.archive.org/web/20230317112925id_/https://www.indems.org/2022-platform/,https://web.archive.org/web/20230317112925id_/https://www.indems.org/2022-platform/,verified,Official Indiana Democratic Party Hoosier Promise 2022 platform page archive carried into the 2023 cycle; retain draft-versus-final-adoption uncertainty in analysis notes.
synthetic-ny-2023-dsa_state_local-f5228f3411fd0927,New York,NY,2023,local,dsa_state_local,Syracuse,Syracuse,Apply for a 2023 Endorsement! — Syracuse DSA Endorsement Policy and Candidate Questionnaire,chapter_electoral_platform_or_questionnaire,,2023-07-23,https://syracusedsa.org/apply-for-a-2023-endorsement/,https://web.archive.org/web/20230922220243id_/https://syracusedsa.org/apply-for-a-2023-endorsement/,verified,"Official Syracuse DSA page for the 2023 cycle publishes the chapter endorsement policy, candidate requirements, support commitments, and full candidate questionnaire. Page metadata records publication on 2023-07-23; the official-domain page is preserved in the cited 2023 Internet Archive capture."
context-state-party-ny-full-platform-2023,New York,NY,2023,state,state_democratic_party,New York State Democratic Party,,New York State Democratic Party full platform search seed,state_party_platform_search_seed,,,https://www.nydems.org/about,,searched_not_found,"Official New York State Democratic Party materials were searched for a qualifying full state platform, but only about/resolution/archive analog materials were confirmed in the bounded pass."
context-state-party-oh-2023,Ohio,OH,2023,state,state_democratic_party,Ohio Democratic Party,,Ohio Democratic Party full platform search seed,state_party_platform_search_seed,,,https://ohiodems.org/,,searched_not_found,"Official Ohio Democratic Party site, API/media routes, and Wayback discovery were searched for a qualifying 2023 full state platform, but none was confirmed in the bounded pass."
context-philly-dsa-pa-2023,Pennsylvania,PA,2023,local,dsa_state_local,Philadelphia Democratic Socialists of America,Philly DSA,Philadelphia DSA Elections,chapter_electoral_process_archive,,,https://web.archive.org/web/20230601194311/https://www.phillydsa.org/elections/,https://web.archive.org/web/20230601194311/https://www.phillydsa.org/elections/,verified,Archived Philadelphia DSA elections process page used as local context for 2023; not a full platform.
context-state-party-pa-full-platform-2023,Pennsylvania,PA,2023,state,state_democratic_party,Pennsylvania Democratic Party,,Pennsylvania Democratic Party full platform search seed,state_party_platform_search_seed,,,https://www.padems.com/what-we-stand-for/,,searched_not_found,"Official Pennsylvania Democratic Party materials were searched for a qualifying full platform for this cycle, but only the What We Stand For issue-page analog was confirmed in the bounded pass."
context-dsa-national-ca-2024,California,CA,2024,national,dsa_national,Democratic Socialists of America,,Workers Deserve More Program,dsa_national_program,2024-08,2024-08,https://program.dsausa.org/wp-content/uploads/2024/08/DSA_2024Program.pdf,,verified,Official Workers Deserve More national program PDF for 2024-present represented cycles until superseded; official launch page: https://www.dsausa.org/calendar/workers-deserve-more-launch-call/. The separate 2021 platform-development materials remain relevant background but have draft/final uncertainty.
context-state-party-ca-2024,California,CA,2024,state,state_democratic_party,California Democratic Party,,Our Platform,state_party_platform,,2024-02-29,https://cadem.org/our-platform/,https://web.archive.org/web/20240229134743/https://cadem.org/our-platform/,verified,"Official California Democratic Party platform page is directly verified for the 2024 cycle via the 2024-02-29 archive snapshot, replacing the earlier weaker carry-forward framing."
context-dnc-co-2024,Colorado,CO,2024,national,dnc_national,Democratic National Committee,,2024 Democratic Party Platform,national_party_platform,2024-08-19,2024-08-19,https://democrats.org/wp-content/uploads/2025/07/2024-Democratic-Party-Platform.pdf,,verified,Official DNC platform aligned to 2024-present represented primary cycles until superseded by a later platform.
context-state-party-co-2024,Colorado,CO,2024,state,state_democratic_party,Colorado Democratic Party,,Colorado Democratic Party Platform,state_party_platform,,,https://www.coloradodems.org/platform/,https://web.archive.org/web/20240515180349/https://www.coloradodems.org/platform/,verified,Official Colorado Democratic Party platform page archived for the 2024 cycle.
context-state-party-ct-2024,Connecticut,CT,2024,state,state_democratic_party,Connecticut Democrats,,Connecticut Democrats full platform search seed,state_party_platform_search_seed,,,https://ctdems.org/,,searched_not_found,"Official Connecticut Democrats site, sitemap/search, and Wayback discovery were searched for a qualifying 2024 full state platform, but none was confirmed in the bounded pass."
context-metro-dc-dsa-dc-2024-endorsements,District of Columbia,DC,2024,local,dsa_state_local,Metro DC Democratic Socialists of America,Metro DC DSA,Metro DC DSA Endorsements,chapter_endorsement_archive,,,https://mdcdsa.org/endorsements/,,verified,Official Metro DC DSA endorsements page used as local electoral context for the 2024 cycle; not a full platform.
context-state-party-dc-2024,District of Columbia,DC,2024,state,state_democratic_party,DC Democratic Party,,DC Democratic Party site search seed,state_party_platform_search_seed,,,https://dcdemocraticparty.org/,,searched_not_found,"Official DC Democratic Party site was searched for a qualifying 2024 full platform document, but none was confirmed in the bounded pass."
context-state-party-de-2024,Delaware,DE,2024,state,state_democratic_party,Delaware Democratic Party,,2021 Delaware Democratic Party Platform,state_party_platform,2021-06-01,2021-06-01,https://www.deldems.org/sites/default/files/2021-06/2021%20DDP%20State%20Party%20Platform%20-%20FINAL%20DRAFT.pdf,https://web.archive.org/web/20211015182523/https://www.deldems.org/sites/default/files/2021-06/2021%20DDP%20State%20Party%20Platform%20-%20FINAL%20DRAFT.pdf,verified,Official Delaware Democratic Party 2021 platform applied to the 2024 cycle.
context-state-party-ga-2024,Georgia,GA,2024,state,state_democratic_party,Democratic Party of Georgia,,Democratic Party of Georgia 2024 Platform,state_party_platform,2024,2024,https://georgiademocrat.org/democratic-party-of-georgia-2024-platform/,,verified,Official Democratic Party of Georgia 2024 platform page.
context-state-party-ky-2024,Kentucky,KY,2024,state,state_democratic_party,Kentucky Democratic Party,,Kentucky Democratic Party site search seed,state_party_platform_search_seed,,,https://www.kydemocrats.org/,,searched_not_found,Official Kentucky Democratic Party site was searched but no full state party platform document was recovered for the 2024 cycle.
context-state-party-la-2024,Louisiana,LA,2024,state,state_democratic_party,Louisiana Democratic Party,,Louisiana Democratic Party site search seed,state_party_platform_search_seed,,,https://lademo.org/,,searched_not_found,Official Louisiana Democratic Party site was searched but no full state party platform document was recovered for the 2024 cycle.
context-state-party-ma-2024,Massachusetts,MA,2024,state,state_democratic_party,Massachusetts Democratic Party,,2021 Massachusetts Democratic Party Platform carried into the 2024 cycle,state_party_platform,2021,2021,https://www.massdems.org/2021-massachusetts-democratic-party-platform-1.pdf,,verified,Official Massachusetts Democratic Party 2021 platform PDF carried into the 2024 cycle.
context-state-party-md-2024,Maryland,MD,2024,state,state_democratic_party,Maryland Democratic Party,,Maryland Democratic Party site search seed,state_party_platform_search_seed,,,https://mddems.org/,,searched_not_found,Official Maryland Democratic Party site was searched but no full state party platform document was recovered for the 2024 cycle.
context-state-party-mi-2024,Michigan,MI,2024,state,state_democratic_party,Michigan Democratic Party,,2020 MDP Platform Final Draft carried into the 2024 cycle,state_party_platform,2020-08,2020-08,https://michigandems.com/wp-content/uploads/2020/08/2020-MDP-Platform-Final-Draft-8.28-.pdf,https://michigandems.com/wp-json/wp/v2/media/8454,verified,"Official Michigan Democratic Party 2020 full platform PDF carried into the 2024 cycle, supported by live PDF availability, official media metadata, and 2024 archival continuity evidence."
context-state-party-mo-2024,Missouri,MO,2024,state,state_democratic_party,Missouri Democratic Party,,Missouri Democratic Party full platform search seed,state_party_platform_search_seed,,,https://missouridems.org/,,searched_not_found,"Official Missouri Democratic Party materials and Wayback discovery were searched for a qualifying 2024 full state platform, but none was confirmed in the bounded pass."
context-state-party-nj-2024,New Jersey,NJ,2024,state,state_democratic_party,New Jersey Democratic State Committee,,New Jersey Democratic full platform search seed,state_party_platform_search_seed,,,https://www.njdems.org/,,searched_not_found,"Official New Jersey Democratic Party site and Wayback discovery were searched for a qualifying 2024 full platform document, but none was confirmed in the bounded pass."
context-albuquerque-dsa-nm-2024,New Mexico,NM,2024,local,dsa_state_local,Albuquerque Democratic Socialists of America,Albuquerque DSA,Endorsements: 2024 NM Primary,chapter_endorsement_slate_archive,,,https://abqdsa.org/blog/endorsements-2024-nm-primary,https://web.archive.org/web/20240507192416/https://abqdsa.org/blog/endorsements-2024-nm-primary,verified,Official Albuquerque DSA 2024 primary endorsements/slate page used as local electoral context for 2024; not a full platform.
synthetic-nm-2024-dsa_state_local-cded0a92a02e38f9,New Mexico,NM,2024,local,dsa_state_local,Santa Fe,Santa Fe,Santa Fe DSA Endorsement Questionnaire,chapter_electoral_platform_or_questionnaire,,,https://docs.google.com/document/d/1MQG4hWNic5gmYkpuE9APHW5CkqGsGXn7v-bt6M_mejo/edit,https://web.archive.org/web/20240419150954id_/https://dsasantafe.org/electoral/,verified,"Santa Fe DSA’s official Electoral Politics Working Group page, archived during the 2024 cycle, explicitly links this document as its “official candidate questionnaire.” The questionnaire covers candidate/election details, DSA accountability and organizing commitments, labor, healthcare, climate, housing, policing, Palestine, education, and campaign-finance positions. No explicit adoption date appears in the document or archived page."
context-state-party-nm-2024,New Mexico,NM,2024,state,state_democratic_party,New Mexico Democratic Party,,New Mexico Democratic Party Platform,state_party_platform,,,https://www.nmdemocrats.org/platform,https://web.archive.org/web/20240911102714/https://www.nmdemocrats.org/platform,verified,Official New Mexico Democratic Party platform page archived for the 2024 cycle.
context-lvdsa-nv-2024-primary,Nevada,NV,2024,local,dsa_state_local,Las Vegas Democratic Socialists of America,Las Vegas DSA,2024 Primary Election Statement,chapter_endorsement_statement,,,https://lvdsa.org/voter-guide/2024-primary/,,verified,Official LVDSA 2024 primary election statement used as local electoral context for the 2024 cycle; not a full platform.
context-lvdsa-nv-2024-voter-guide,Nevada,NV,2024,local,dsa_state_local,Las Vegas Democratic Socialists of America,Las Vegas DSA,2024 Voter Guide,chapter_voter_guide,,,https://lvdsa.org/voter-guide/2024-general/,,verified,Official LVDSA 2024 voter guide used as local electoral context for the 2024 cycle; not a full platform.
context-state-party-nv-2024-draft,Nevada,NV,2024,state,state_democratic_party,Nevada State Democratic Party,,Nevada State Democratic Party 2024 Platform,state_party_platform,2024-05-18,2024-05-18,https://nvdems.com/wp-content/uploads/2024/06/FINAL-NV-Dems-State-Convention-Platform-2024.pdf,https://web.archive.org/web/20240808234146id_/https://nvdems.com/wp-content/uploads/2024/06/FINAL-NV-Dems-State-Convention-Platform-2024.pdf,verified,"Verified as the cycle platform adopted at the May 18, 2024 state convention: the official convention call states delegates would adopt a party platform, and the party subsequently posted this FINAL-named PDF on its official domain. The document body is titled “NEVADA STATE DEMOCRATIC PARTY 2024 PLATFORM”; its embedded PDF title retains a stale “[DRAFT]” label, which is documented here rather than treated as controlling."
context-state-party-ny-full-platform-2024,New York,NY,2024,state,state_democratic_party,New York State Democratic Party,,New York State Democratic Party full platform search seed,state_party_platform_search_seed,,,https://www.nydems.org/about,,searched_not_found,"Official New York State Democratic Party materials were searched for a qualifying full state platform, but only about/resolution/archive analog materials were confirmed in the bounded pass."
context-portland-dsa-or-2024-voter-guide,Oregon,OR,2024,local,dsa_state_local,Portland Democratic Socialists of America,Portland DSA,Portland DSA 2024 Voter Guide,chapter_voter_guide,,,https://portlanddsa.org/portland-dsa-2024-voter-guide/,,verified,Official Portland DSA 2024 voter guide used as local electoral context for the 2024 cycle; not a full platform.
context-state-party-or-2024,Oregon,OR,2024,state,state_democratic_party,Democratic Party of Oregon,,Democratic Party of Oregon full platform search seed,state_party_platform_search_seed,,,https://dpo.org/,,searched_not_found,"Official Democratic Party of Oregon materials and archival discovery were searched for a qualifying full 2024 platform, but none was confirmed in the bounded pass."
context-state-party-pa-full-platform-2024,Pennsylvania,PA,2024,state,state_democratic_party,Pennsylvania Democratic Party,,Pennsylvania Democratic Party full platform search seed,state_party_platform_search_seed,,,https://www.padems.com/what-we-stand-for/,,searched_not_found,"Official Pennsylvania Democratic Party materials were searched for a qualifying full platform for this cycle, but only the What We Stand For issue-page analog was confirmed in the bounded pass."
context-state-party-tn-2024,Tennessee,TN,2024,state,state_democratic_party,Tennessee Democratic Party,,Tennessee Democratic Party full platform search seed,state_party_platform_search_seed,,,https://tndp.org/,,searched_not_found,"Official Tennessee Democratic Party site and Wayback discovery were searched for a qualifying 2024 full state platform, but none was confirmed in the bounded pass."
context-state-party-tx-2024,Texas,TX,2024,state,state_democratic_party,Texas Democratic Party,,2024 Texas Democratic Party Platform,state_party_platform,2024-06-08,2024-06-08,https://txdem.co/24-Platform,,verified,"Official Texas Democratic Party 2024 platform adopted June 8, 2024."
context-state-party-vt-2024,Vermont,VT,2024,state,state_democratic_party,Vermont Democratic Party,,Vermont Democratic Party Platform,state_party_platform,2024-08-17,2024-08-17,https://www.vtdemocrats.org/platform,,verified,Official Vermont Democratic Party platform page adopted on 17 August 2024.
context-state-party-wa-2024,Washington,WA,2024,state,state_democratic_party,Washington State Democratic Party,,Washington State Democratic Party 2024 platform document,state_party_platform_google_doc,,,https://docs.google.com/document/d/1zJg8dgXNJZk2gku45h59Q69VkBFsV5iEtA-oyZrOT2c/edit?usp=sharing,,verified,Official Washington State Democratic Party 2024 platform document hosted as a Google Doc.
context-state-party-wi-2024,Wisconsin,WI,2024,state,state_democratic_party,Democratic Party of Wisconsin,,DPW 2024 Platform adopted on 9 June 2024,state_party_platform,2024-06-09,2024-06-09,https://www.wisdems.org/wp-content/uploads/2024/10/DPW-2024-Platform-Adopted-on-9-June-2024.pdf,,verified,Official Democratic Party of Wisconsin 2024 platform PDF adopted on 9 June 2024.
context-state-party-az-2025,Arizona,AZ,2025,state,state_democratic_party,Arizona Democratic Party,,Arizona Democratic Party full platform search seed,state_party_platform_search_seed,,,https://azdem.org/,,searched_not_found,"Official Arizona Democratic Party sitemap, site search, and CDX discovery were checked for the 2025 cycle, but no qualifying full state platform document was recovered."
context-state-party-ct-2025,Connecticut,CT,2025,state,state_democratic_party,Connecticut Democrats,,Connecticut Democrats full platform search seed,state_party_platform_search_seed,,,https://ctdems.org/,,searched_not_found,"Official Connecticut Democrats site, sitemap/search, and Wayback discovery were searched for a qualifying 2025 full state platform, but none was confirmed in the bounded pass."
context-state-party-la-2025,Louisiana,LA,2025,state,state_democratic_party,Louisiana Democratic Party,,Louisiana Democratic Party site search seed,state_party_platform_search_seed,,,https://lademo.org/,,searched_not_found,Official Louisiana Democratic Party site was searched but no full state party platform document was recovered for the 2025 cycle.
synthetic-md-2025-dsa_state_local-05721035ecae3e36,Maryland,MD,2025,local,dsa_state_local,Metro DC,Metro DC,Electoral Endorsement Materials for the 2025 General Election Cycle,chapter_electoral_platform_or_questionnaire,2025,2025,https://members.mdcdsa.org/t/electoral-endorsement-materials-for-the-2025-general-election-cycle/792,,verified,"Verified on Metro DC DSA’s official member portal. The cycle-specific page publishes the chapter’s 2025 endorsement resolutions and completed candidate questionnaires for Frankie Santos Fritz (Greenbelt City Council) and Omodamola Williams (Gaithersburg City Council), plus chapter Q&A and member-statement records. Official site search and Wayback CDX discovery were also checked; no separate archived snapshot was found."
context-state-party-md-2025,Maryland,MD,2025,state,state_democratic_party,Maryland Democratic Party,,Maryland Democratic Party site search seed,state_party_platform_search_seed,,,https://mddems.org/,,searched_not_found,Official Maryland Democratic Party site was searched but no full state party platform document was recovered for the 2025 cycle.
context-dnc-ny-2025,New York,NY,2025,national,dnc_national,Democratic National Committee,,2024 Democratic Party Platform carried into the 2025 cycle,national_party_platform,2024-08-19,2024-08-19,https://democrats.org/wp-content/uploads/2025/07/2024-Democratic-Party-Platform.pdf,,verified,Official DNC platform carried forward into the 2025 New York municipal primary cycle.
context-dsa-national-ny-2025,New York,NY,2025,national,dsa_national,Democratic Socialists of America,,Workers Deserve More Program,dsa_national_program,2024-08,2024-08,https://program.dsausa.org/wp-content/uploads/2024/08/DSA_2024Program.pdf,,verified,Official Workers Deserve More national program PDF launched for the 2024 cycle and carried into the 2025 New York municipal primary cycle; the official launch page is https://www.dsausa.org/calendar/workers-deserve-more-launch-call/.
context-nyc-dsa-ny-2025,New York,NY,2025,local,dsa_state_local,New York City Democratic Socialists of America,NYC-DSA,Getting our Endorsement,chapter_questionnaire_process,,,https://socialists.nyc/getting-our-endorsement/,https://web.archive.org/web/20250116085104id_/https://socialists.nyc/getting-our-endorsement/,verified,Official NYC-DSA endorsement process page documents the chapter questionnaire and electoral screening process for city races; the verified January 2025 archive bypasses the live site's anti-bot interstitial.
context-state-party-ny-2025,New York,NY,2025,state,state_democratic_party,New York State Democratic Party,,New York State Democratic Party about and archive pages,state_party_about_resolutions_archive,,,https://www.nydems.org/about,https://www.nydems.org/archive,verified,Official New York State Democratic Party about and archive pages provide resolutions/history context but are not a full platform.
context-state-party-ny-full-platform-2025,New York,NY,2025,state,state_democratic_party,New York State Democratic Party,,New York State Democratic Party full platform search seed,state_party_platform_search_seed,,,https://www.nydems.org/about,https://www.nydems.org/archive,searched_not_found,"Official New York State Democratic Party materials were searched for a qualifying full state platform, but only about/resolution/archive analog materials were confirmed in the bounded pass."
context-state-party-al-2026,Alabama,AL,2026,state,state_democratic_party,Alabama Democratic Party,,Alabama Democratic Party full platform search seed,state_party_platform_search_seed,,,https://aldemocrats.org/,,searched_not_found,"Official Alabama Democratic Party site and Wayback discovery were searched for a qualifying 2026 full state platform, but none was confirmed in the bounded pass."
context-state-party-ca-2026,California,CA,2026,state,state_democratic_party,California Democratic Party,,Our Platform,state_party_platform,,,https://cadem.org/our-platform/,https://web.archive.org/web/20220526231519/https://cadem.org/our-platform/,verified,Official California Democratic Party platform page remains current for the 2026 cycle; 2022 archive capture preserved earlier continuity.
context-state-party-co-2026,Colorado,CO,2026,state,state_democratic_party,Colorado Democratic Party,,Colorado Democratic Party Platform,state_party_platform,2026,2026,https://www.coloradodems.org/platform/,https://web.archive.org/web/20260605040148/https://www.coloradodems.org/platform,verified,"Official Colorado Democratic Party platform page verified for the 2026 cycle, with a full archived snapshot preserved on 2026-06-05."
context-ct-dsa-ct-2026-electoral,Connecticut,CT,2026,local,dsa_state_local,Connecticut Democratic Socialists of America,Connecticut DSA,Electoral Working Group,chapter_electoral_working_group,,,https://ctdsa.org/electoral-working-group/,,verified,Official Connecticut DSA electoral working-group page used as local electoral context for the 2026 cycle; not a full platform.
context-state-party-ct-2026,Connecticut,CT,2026,state,state_democratic_party,Connecticut Democrats,,Connecticut Democrats Platform,state_party_platform,2026,2026,https://www.ctdems.org/platform,https://web.archive.org/web/20260421032829/https://www.ctdems.org/platform,verified,"Official Connecticut Democrats platform page for the 2026 cycle with archived April 21, 2026 capture."
context-washington-dc-dsa-2026,District of Columbia,DC,2026,local,dsa_state_local,Washington DC Democratic Socialists of America,Washington DC DSA,Political Endorsement Questionnaire,chapter_questionnaire_process,,,https://web.archive.org/web/20220521131811/https://washingtondc.dsacommittees.org/political-endorsement-questionnaire/,https://web.archive.org/web/20220521131811/https://washingtondc.dsacommittees.org/political-endorsement-questionnaire/,verified,Official DC DSA questionnaire archive retained as local electoral context for 2026; not a full platform.
context-state-party-dc-2026,District of Columbia,DC,2026,state,state_democratic_party,DC Democratic Party,,DC Democratic Party site search seed,state_party_platform_search_seed,,,https://dcdemocraticparty.org/,,searched_not_found,Official DC Democratic Party site was searched but no full state party platform document was recovered for the 2026 cycle.
context-atlanta-dsa-ga-2026,Georgia,GA,2026,local,dsa_state_local,Atlanta Democratic Socialists of America,Atlanta DSA,Atlanta DSA Electoral,chapter_electoral_process,,,https://atldsa.org/electoral/,,verified,Official Atlanta DSA electoral process page used as 2026 local context; not a full platform.
synthetic-ga-2026-dsa_state_local-a616e289bc404194,Georgia,GA,2026,local,dsa_state_local,Atlanta,Atlanta,Official Atlanta DSA Voter Guide for Georgia’s June 2026 Runoff Elections,chapter_electoral_platform_or_questionnaire,2026,2026,https://atldsa.org/voter-guide-2026/,,verified,"Verified on Atlanta DSA’s official site. The cycle-specific guide compiles responses to Atlanta DSA’s 10-question 2026 Candidate Survey covering minimum wage, climate, trans rights, and other chapter electoral priorities. The page explicitly distinguishes this survey guide from the formal endorsement questionnaire; the official electoral page confirms that endorsement uses a questionnaire and membership vote but does not publish that questionnaire. Wayback CDX discovery found no archived snapshot."
context-state-party-ga-2026,Georgia,GA,2026,state,state_democratic_party,Democratic Party of Georgia,,Democratic Party of Georgia site search seed,state_party_platform_search_seed,,,https://georgiademocrat.org/,,searched_not_found,Official Democratic Party of Georgia site was searched but no full state party platform document was recovered for the 2026 cycle.
context-state-party-id-2026,Idaho,ID,2026,state,state_democratic_party,Idaho Democratic Party,,Where We Stand,state_party_platform,,2024,https://idahodems.org/where-we-stand/,,verified,Current official Idaho Democratic Party platform page carried into the 2026 cycle as the chapter’s 2024-present platform.
context-chicago-dsa-il-2026,Illinois,IL,2026,local,dsa_state_local,Chicago Democratic Socialists of America,Chicago DSA,Chicago DSA Electoral Committee,chapter_electoral_process,,,https://chicagodsa.org/electoral-committee/,,verified,Official Chicago DSA electoral committee page used as 2026 local context; not a full platform.
context-state-party-il-2026,Illinois,IL,2026,state,state_democratic_party,Democratic Party of Illinois,,Democratic Party of Illinois site search seed,state_party_platform_search_seed,,,https://www.ildems.com/,,searched_not_found,Official Democratic Party of Illinois site was searched but no full state party platform document was recovered for the 2026 cycle.
context-state-party-ky-2026,Kentucky,KY,2026,state,state_democratic_party,Kentucky Democratic Party,,Kentucky Democratic Party site search seed,state_party_platform_search_seed,,,https://www.kydemocrats.org/,,searched_not_found,Official Kentucky Democratic Party site was searched but no full state party platform document was recovered for the 2026 cycle.
context-state-party-la-2026,Louisiana,LA,2026,state,state_democratic_party,Louisiana Democratic Party,,Louisiana Democratic Party site search seed,state_party_platform_search_seed,,,https://lademo.org/,,searched_not_found,Official Louisiana Democratic Party site was searched but no full state party platform document was recovered for the 2026 cycle.
context-boston-dsa-ma-2026-endorsements,Massachusetts,MA,2026,local,dsa_state_local,Boston Democratic Socialists of America,Boston DSA,Boston DSA Endorsements,chapter_endorsement_archive,,,https://bostondsa.org/endorsements/,,verified,Official Boston DSA endorsements page used as local electoral context for the 2026 cycle; not a full platform.
context-boston-dsa-ma-2026-platform,Massachusetts,MA,2026,local,dsa_state_local,Boston Democratic Socialists of America,Boston DSA,Boston DSA Platform,chapter_platform,,,https://bostondsa.org/our-platform/,,verified,Official Boston DSA platform page used as local electoral context for the 2026 cycle.
context-state-party-ma-2026,Massachusetts,MA,2026,state,state_democratic_party,Massachusetts Democratic Party,,Our Platform carried into the 2026 cycle,state_party_platform,2025,2025,https://www.massdems.org/our-platform,,verified,Current official Massachusetts Democratic Party platform page from 2025 carried into the 2026 cycle.
context-state-party-md-2026,Maryland,MD,2026,state,state_democratic_party,Maryland Democratic Party,,Maryland Democratic Party site search seed,state_party_platform_search_seed,,,https://mddems.org/,,searched_not_found,Official Maryland Democratic Party site was searched but no full state party platform document was recovered for the 2026 cycle.
context-state-party-mi-2026,Michigan,MI,2026,state,state_democratic_party,Michigan Democratic Party,,2020 MDP Platform Final Draft carried into the 2026 cycle,state_party_platform,2020-08,2020-08,https://michigandems.com/wp-content/uploads/2020/08/2020-MDP-Platform-Final-Draft-8.28-.pdf,https://michigandems.com/wp-json/wp/v2/media/8454,verified,"Official Michigan Democratic Party 2020 platform PDF is carried forward as the best available full platform for the 2026 cycle, supported by official media metadata and 2026 captures; no later replacement was confirmed in the bounded pass."
context-dnc-mo-2026,Missouri,MO,2026,national,dnc_national,Democratic National Committee,,2024 Democratic Party Platform carried into the 2026 cycle,national_party_platform,2024-08-19,2024-08-19,https://democrats.org/wp-content/uploads/2025/07/2024-Democratic-Party-Platform.pdf,,verified,Official DNC platform carried forward into the 2026 Missouri primary cycle.
context-dsa-national-mo-2026,Missouri,MO,2026,national,dsa_national,Democratic Socialists of America,,Workers Deserve More Program v2,dsa_national_program,2025-10,2025-10,https://program.dsausa.org/wp-content/uploads/2025/10/DSA_WDM2025Program_v2.pdf,,verified,Official Workers Deserve More program PDF for the 2026 cycle; companion official materials include the 2025 convention CR05/R34 resolutions document https://docs.google.com/document/d/1MQyHv17FJyCqk9FMXB_mfSVQB3O6gkFhnJxmiYwdaGc/view and recap https://electoral.dsausa.org/reflecting-on-the-2025-national-convention/.
context-st-louis-dsa-mo-2026,Missouri,MO,2026,local,dsa_state_local,St. Louis Democratic Socialists of America,St. Louis DSA,St. Louis DSA Platform,chapter_platform,2025-01-01,2025-01-01,https://stldsa.org/about/platform,,verified,Official St. Louis DSA platform used as Missouri local context for 2026 only; do not apply backward to 2020 or 2024.
context-state-party-mo-2026,Missouri,MO,2026,state,state_democratic_party,Missouri Democratic Party,,MDP Bylaws Constitution and Platform Updated April 2026,state_party_platform,2026-04-18,2026-04-18,https://irp.cdn-website.com/022fb584/files/uploaded/MDP+Bylaws-+Constitution-+and+Platform+-+Updated+April+2026-dfabf209.pdf,,verified,Official Missouri Democratic Party platform package adopted in April 2026.
context-north-jersey-dsa-nj-2026-endorsements,New Jersey,NJ,2026,local,dsa_state_local,North New Jersey Democratic Socialists of America,North Jersey DSA,North Jersey DSA Endorsements,chapter_endorsement_archive,,,https://north.dsanj.org/endorsements/,,verified,Official North Jersey DSA endorsements page used as local electoral context for the 2026 cycle; not a full platform.
context-state-party-nj-2026,New Jersey,NJ,2026,state,state_democratic_party,New Jersey Democratic State Committee,,New Jersey Democratic full platform search seed,state_party_platform_search_seed,,,https://www.njdems.org/,,searched_not_found,"Official New Jersey Democratic Party site and Wayback discovery were searched for a qualifying 2026 full platform document, but none was confirmed in the bounded pass."
context-state-party-nm-2026,New Mexico,NM,2026,state,state_democratic_party,New Mexico Democratic Party,,Democratic Party of New Mexico Platform 2024 Amended,state_party_platform,2024,2024,https://www.dpnm-sparc.org/uploads/1/3/8/7/138783648/democratic_party_of_new_mexico_platform_2024_amended.pdf,,verified,Official amended 2024 New Mexico Democratic Party platform carried into the 2026 cycle; the 2026 core-values document remains draft and is not treated as the full verified platform.
context-lvdsa-nv-2026-process,Nevada,NV,2026,local,dsa_state_local,Las Vegas Democratic Socialists of America,Las Vegas DSA,LVDSA Endorsements,chapter_endorsement_process,,,https://lvdsa.org/endorsements/,,verified,Official LVDSA endorsements/process page for 2026 local electoral context; not a full platform.
context-lvdsa-nv-2026-voter-guide,Nevada,NV,2026,local,dsa_state_local,Las Vegas Democratic Socialists of America,Las Vegas DSA,LVDSA Voter Guide,chapter_voter_guide,,,https://lvdsa.org/voter-guide/,,verified,Official LVDSA voter guide for 2026 local electoral context; not a full platform.
synthetic-nv-2026-dsa_state_local-845cdbcccbe6b7bf,Nevada,NV,2026,local,dsa_state_local,Las Vegas Democratic Socialists of America,Las Vegas DSA,2026 Voter Guide,chapter_voter_guide,2026-05-13,2026-05-13,https://lvdsa.org/voter-guide/,https://web.archive.org/web/20260605231440/https://lvdsa.org/voter-guide/,verified,"Official Las Vegas DSA 2026 voter guide, prepared through candidate questionnaires and approved by the chapter General Body. It provides cycle-specific electoral positions, endorsements, recommendations, and policy-alignment explanations; it is not a standalone full chapter platform. The live page metadata shows a 2026-05-13 update, and a contemporaneous official-page archive was verified."
context-state-party-nv-2026,Nevada,NV,2026,state,state_democratic_party,Nevada State Democratic Party,,2026 State Convention Agenda and Convention Items,state_party_platform_convention_packet,2026,2026,https://mcusercontent.com/1fcc57678ad0338115675f6fc/files/316cd73e-c157-f983-abce-ea29bd9e7ea0/2026_State_Convention_Agenda_and_Convention_Items.pdf,,verified,Official Nevada State Democratic Party State Central Committee page labels this linked convention packet as the 2026 Party Platform source: https://nvdems.com/party/state-central-committee/. Treat as an official platform-linked convention packet with medium confidence rather than a normalized standalone platform text.
context-state-party-ny-full-platform-2026,New York,NY,2026,state,state_democratic_party,New York State Democratic Party,,New York State Democratic Party full platform search seed,state_party_platform_search_seed,,,https://www.nydems.org/about,,searched_not_found,"Official New York State Democratic Party materials were searched for a qualifying full state platform, but only about/resolution/archive analog materials were confirmed in the bounded pass."
context-portland-dsa-or-2026-process,Oregon,OR,2026,local,dsa_state_local,Portland Democratic Socialists of America,Portland DSA,Getting a DSA Endorsement,chapter_endorsement_process,,,https://portlanddsa.org/getting-a-dsa-endorsement/,,verified,Official Portland DSA endorsement process page for 2026 local electoral context; not a full platform.
context-portland-dsa-or-2026-voter-guide,Oregon,OR,2026,local,dsa_state_local,Portland Democratic Socialists of America,Portland DSA,Our voter guide for the May 2026 primary,chapter_voter_guide,,,https://portlanddsa.org/our-voter-guide-for-the-may-2026-primary/,,verified,Official Portland DSA voter guide for 2026 local electoral context; not a full platform.
context-state-party-or-2026,Oregon,OR,2026,state,state_democratic_party,Democratic Party of Oregon,,Legislative Action Items,state_party_legislative_action_items,2025,2025,https://dpo.org/LAI,,verified,"Official Democratic Party of Oregon legislative action items page provides 2025 priorities/planks for 2026 context, but it is not a full platform and no qualifying 2026 full platform was recovered in the bounded pass."
context-state-party-pa-2026,Pennsylvania,PA,2026,state,state_democratic_party,Pennsylvania Democratic Party,,What We Stand For,state_party_issue_page,,,https://www.padems.com/what-we-stand-for/,,verified,Official Pennsylvania Democratic Party issue page provides generic issue positions but is not a full platform.
context-state-party-tx-2026,Texas,TX,2026,state,state_democratic_party,Texas Democratic Party,,2024 Texas Democratic Party Platform carried into the 2026 cycle,state_party_platform,2024-06-08,2024-06-08,https://txdem.co/24-Platform,,verified,Official Texas Democratic Party 2024 platform carried into the 2026 cycle until superseded by a later verified platform.
context-state-party-ut-2026,Utah,UT,2026,state,state_democratic_party,Utah Democratic Party,,Utah Democratic Party Platform,state_party_platform,,2024,https://www.utahdemocrats.org/platform/,,verified,Current official Utah Democratic Party platform page carried into the 2026 cycle.
context-seattle-dsa-wa-2026-standards,Washington,WA,2026,local,dsa_state_local,Seattle Democratic Socialists of America,Seattle DSA,Seattle DSA Endorsements Standards and Procedure,chapter_endorsement_standards,,,https://seattledsa.org/seattle-dsa-endorsements-standards-and-procedure/,,verified,Official Seattle DSA endorsement standards/procedure page used as local electoral context for the 2026 cycle; not a full platform.
synthetic-wa-2026-state_democratic_party-ed8de6a294ba1ca9,Washington,WA,2026,state,state_democratic_party,Washington Democratic Party,,2026 Washington State Democratic Party Platform,state_party_platform,2026-06-21,2026-06-21,https://docs.google.com/document/d/1UnmL-Y9QOMwuVR1HFzMy-onzQpzrno2vBPH4z3nY6xk/edit?usp=sharing,https://wadems.org/about/documents/,verified,The Washington State Democratic Party’s official Party Documents page lists and links the 2026 Platform. The document is titled “2026 Washington State Democratic Party Platform (6/21/2026).” Official party releases confirm the full platform was adopted at the June 19–21 Spokane convention and report a 662–95 delegate vote; June 21 is used as the adoption and effective date.
synthetic-wi-2026-dsa_state_local-6ca0ee362da4aef1,Wisconsin,WI,2026,local,dsa_state_local,Madison Area DSA,Madison Area DSA,2025 Madison Area DSA Candidate Model Endorsement Questionnaire carried into the 2026 cycle,chapter_electoral_platform_or_questionnaire,2025,2025,https://dsamadison.org/about-us/endorsements/,,verified,"Official Madison Area DSA endorsements page states that its endorsement process and endorsed-candidate policy were adopted in 2025 and applies them to the August 2026 primary. It directly links the official “2025 Madison Area DSA Candidate Model Endorsement Questionnaire” at https://docs.google.com/document/d/e/2PACX-1vRrCT3mB2IeAC6nWVn7QIpbLjSi1m_aW4S-JnvuzAQHWCPofWVWQ_11WhNOGZZT4Fx2e73VuZFq54mF/pub. The questionnaire covers campaign strategy, socialist organizing, chapter accountability, Palestine/BDS commitments, national DSA standards, and district priorities."
synthetic-wi-2026-dsa_state_local-d928f37dfe7b1b97,Wisconsin,WI,2026,local,dsa_state_local,Milwaukee DSA,Milwaukee DSA,Milwaukee DSA Ready for Statewide Governor’s Race as Madison DSA Joins in Endorsing Francesca Hong,chapter_electoral_platform_or_questionnaire,2026-02-09,2026,https://milwaukee.dsawi.org/milwaukee-dsa-ready-for-statewide-governors-race-as-madison-dsa-joins-in-endorsing-francesca-hong/,,verified,"Verified on Milwaukee DSA’s official site. The February 9, 2026 announcement states that Milwaukee DSA voted to endorse Francesca Hong for governor and records the chapter-aligned electoral planks advanced with that endorsement: abolishing ICE, healthcare, paid family leave, a strong union movement, public power, and opposition to billionaire-driven data-center expansion. The official current-endorsements page independently identifies this as Milwaukee DSA’s 2026 endorsement. Official site search, endorsement archives, and Wayback CDX discovery were checked; no public 2026 candidate questionnaire or archived snapshot was found, so this adopted endorsement statement is the best official cycle-specific platform/planks source."
synthetic-wi-2026-state_democratic_party-cdd389f4c218a72a,Wisconsin,WI,2026,state,state_democratic_party,Wisconsin Democratic Party,,2026 Democratic Party of Wisconsin Platform,state_party_platform,2026-06-14,2026-06-14,https://wisdems.org/wp-content/uploads/2026/07/DPW-2026-Platform-Platform-Adopted-by-Convention-on-14-June-2026.pdf,,verified,"The Democratic Party of Wisconsin’s official Constitution & Bylaws page directly links this 2026 platform PDF and separately lists it above prior platforms. The official filename states that convention delegates adopted it on June 14, 2026; the party’s official convention page confirms the June 13–14 state convention and explains that the platform is considered in even-numbered years."
