2024-11-14T03:04:34.329Z	at://did:plc:lnkamoorduzvz67yeuh2srvl/app.bsky.feed.post/3lauuuvyihd2o	Join DSA.  \n  \n dsausa.org/join	
2024-11-14T14:02:03.952Z	at://did:plc:lnkamoorduzvz67yeuh2srvl/app.bsky.feed.post/3lavzmm3fws2c	Socialism beats fascism.	
2024-11-19T01:54:24.293Z	at://did:plc:lnkamoorduzvz67yeuh2srvl/app.bsky.feed.post/3lbbdc2c47226	Yes	
2024-11-19T01:59:05.834Z	at://did:plc:lnkamoorduzvz67yeuh2srvl/app.bsky.feed.post/3lbbdkgs2lc26	Curious about who and what we are? You can find out pretty easily - come to the next "What is CDSA?" call. Ask all your questions there. We're so friendly you guys.  \n  \n RSVP here: \n  \n teamup.com/ksc3uaa38o41...	
2024-11-21T23:07:54.198Z	at://did:plc:lnkamoorduzvz67yeuh2srvl/app.bsky.feed.post/3lbilf3evys2p	DSA Co-chair Ashik Siddique responds to Kind Bar CEO's hit piece on DSA in Newsweek. \n  \n "When you join DSA, you become part of a mass organization whose best references are those that fueled the labor and civil rights movements of the 20th century." \n  \n www.newsweek.com/we-democrati...	
2025-03-02T15:46:16.695Z	at://did:plc:lnkamoorduzvz67yeuh2srvl/app.bsky.feed.post/3ljfrsexc222q		
2025-03-02T15:46:35.881Z	at://did:plc:lnkamoorduzvz67yeuh2srvl/app.bsky.feed.post/3ljfrsxakkk2q		
2025-03-02T15:46:50.807Z	at://did:plc:lnkamoorduzvz67yeuh2srvl/app.bsky.feed.post/3ljfrtfi2q22q		
2025-03-02T15:47:11.082Z	at://did:plc:lnkamoorduzvz67yeuh2srvl/app.bsky.feed.post/3ljfrtystj22q		
2025-03-02T15:47:25.945Z	at://did:plc:lnkamoorduzvz67yeuh2srvl/app.bsky.feed.post/3ljfrugyf6k2q		
2025-03-02T15:47:36.259Z	at://did:plc:lnkamoorduzvz67yeuh2srvl/app.bsky.feed.post/3ljfruqt5h22q		
2025-05-03T19:32:18.749Z	at://did:plc:lnkamoorduzvz67yeuh2srvl/app.bsky.feed.post/3loc3dnd2ac26	Happening now, Chicago DSA Workers Town Hall.	Chicago workers town hall 
2025-05-03T19:34:53.633Z	at://did:plc:lnkamoorduzvz67yeuh2srvl/app.bsky.feed.post/3loc3iazr4k26	Our speakers include unions members from teachers unions, nurses unions, federal unions and union organizers talking about how to build and expand union power in Chicago and the U.S.	Phot of panelists Loreen Targos, Dennis Kosuth, Ella Fent, and David Martucci with Will Bloom moderating
2025-05-03T20:05:31.457Z	at://did:plc:lnkamoorduzvz67yeuh2srvl/app.bsky.feed.post/3loc56zpn622t	“Management said ‘can you get them to be quieter?’ I said ‘No, but I can sure the hell make em louder’”	Photo of panelists discussing. 
2025-06-03T21:11:12.356Z	at://did:plc:lnkamoorduzvz67yeuh2srvl/app.bsky.feed.post/3lqq7czfyik23	Democrats just sold out Illinois' queer working class. Happy Pride! [1/2]	 |  |  | 
2025-06-03T21:11:58.973Z	at://did:plc:lnkamoorduzvz67yeuh2srvl/app.bsky.feed.post/3lqq7efton223	[2/3]	 |  |  | 
2025-06-03T21:12:34.436Z	at://did:plc:lnkamoorduzvz67yeuh2srvl/app.bsky.feed.post/3lqq7fhovps23	[3/3]	
2025-06-25T05:17:19.033Z	at://did:plc:lnkamoorduzvz67yeuh2srvl/app.bsky.feed.post/3lsfubljfks2t	A better world is possible. Let's organize to make it happen. Join DSA today.	
2025-06-25T05:17:40.077Z	at://did:plc:lnkamoorduzvz67yeuh2srvl/app.bsky.feed.post/3lsfuc7lfj22t	fill out this form! act.dsausa.org/survey/maili...	
2025-06-25T05:18:23.438Z	at://did:plc:lnkamoorduzvz67yeuh2srvl/app.bsky.feed.post/3lsfudiwu3s2u	Socialism wins, fighting for working class issues wins!  \n  \n Join DSA today, demand a better world, ad organize to build one! \n  \n dsausa.org/join	Picture of Zohran Mamdani with a link to join dsa dsausa.org/join
2025-07-15T23:54:09.531Z	at://did:plc:lnkamoorduzvz67yeuh2srvl/app.bsky.feed.post/3lu23z2wnvk2s	Gender affirming care is healthcare, and a human right. Hospitals like Rush and Lurie are caving to far right pressure. Join the us Thursday, July 17th, at 6:00 PM at 523 S Honore to demand gender affirming care for all! \n  \n RSVP: tinyurl.com/rushrally	
2025-07-17T16:29:07.009Z	at://did:plc:lnkamoorduzvz67yeuh2srvl/app.bsky.feed.post/3lu6e34e24k2g	Lurie Children’s and Rush, two major Chicago area hospitals, are preemptively complying with the Trump administration’s attacks on trans people and rolling back gender affirming care for trans youth. (1/8)	
2025-07-17T16:29:07.010Z	at://did:plc:lnkamoorduzvz67yeuh2srvl/app.bsky.feed.post/3lu6e36vjk22g	By doing so, these hospitals defy state laws such as the IL HRA and are consciously denying life-saving surgeries to minors, betraying patient care and community trust. (2/8)	
2025-07-17T16:29:07.011Z	at://did:plc:lnkamoorduzvz67yeuh2srvl/app.bsky.feed.post/3lu6e36vmhs2g	Chicago Democratic Socialists of America worked with our allies in the Chicago City Council to introduce a resolution  (R2025-0018757) this week condemning Rush Hospital and Lurie Children’s Hospital for ceasing gender-affirming care. (full reso: chicityclerkelms.chicago.gov/Matter/?matt...) (3/8)	 | 
2025-07-17T16:29:07.012Z	at://did:plc:lnkamoorduzvz67yeuh2srvl/app.bsky.feed.post/3lu6e3atc422g	We want to thank 26th Ward Alder Jesse Fuentes, who introduced the resolution, and socialist in office and 33rd Ward Alder Rossana Rodríguez-Sánchez whose office worked closely with Chicago DSA members to craft this resolution. (4/8)	
2025-07-17T16:29:07.013Z	at://did:plc:lnkamoorduzvz67yeuh2srvl/app.bsky.feed.post/3lu6e3atd3c2g	In times of political repression and advances by the Far Right, we need bold leadership. Socialists and their allies in office are rising to the occasion. (5/8)	
2025-07-17T16:29:07.014Z	at://did:plc:lnkamoorduzvz67yeuh2srvl/app.bsky.feed.post/3lu6e3atd3d2g	The Trump administration wants to eliminate gender affirming care in this country by punishing providers and holding patients hostage in order to push their radical reactionary agenda. (6/8)	
2025-07-17T16:29:07.015Z	at://did:plc:lnkamoorduzvz67yeuh2srvl/app.bsky.feed.post/3lu6e3ate2l2g	But this is Chicago.  \n We don't bow to bullies. \n  \n As socialists we believe in fighting the boss head on. Trans liberation won’t be won through closed door negotiation but through mass action by ordinary working class people. (7/8)	
2025-07-17T16:29:07.016Z	at://did:plc:lnkamoorduzvz67yeuh2srvl/app.bsky.feed.post/3lu6e3atprl2g	What you can do? Call your Alder and voice your support for resolution: R2025-0018757 and join us for a rally to fight for trans youth near Rush hospital at 6PM @ Louis Pasteur Statue | 523 S Honore  tinyurl.com/rushrally (8/8)	
2025-07-17T16:29:07.017Z	at://did:plc:lnkamoorduzvz67yeuh2srvl/app.bsky.feed.post/3lu6e3cxydt2g		
2025-07-18T17:14:16.203Z	at://did:plc:lnkamoorduzvz67yeuh2srvl/app.bsky.feed.post/3luax2rke7k2h	Thanks to everyone who showed up and to our co-sponsors for rallying to protect trans youth! None of us are safe until all of us are safe. DSA will keep fighting for gender affirming care for all. Become a member today and join the fight! act.dsausa.org/donate/membe...	
2025-09-05T11:28:39.467Z	at://did:plc:lnkamoorduzvz67yeuh2srvl/app.bsky.feed.post/3ly3kluyiq227	Since January, the Trump administration has been attacking trans healthcare. Now even in Illinois, most hospitals have dropped gender-affirming care for minors, leaving nowhere for any surgical care, and only 2 hospitals still providing non-surgical care. \n  \n Info and RSVP: teamup.com/ksc3uaa38o41...	Info graphic of Chicago DSA’s Defend Trans Healthcare Town Hall on Saturday, September 13th at Wicker Park Lutheran Church starting at 2:00pm
2025-09-05T16:01:23.092Z	at://did:plc:lnkamoorduzvz67yeuh2srvl/app.bsky.feed.post/3ly3ztkkjfs2p	Join us for a "Socialist Sing-Along!" on Friday, Oct. 24, from 7 PM to midnight at Elastic Arts, 3429 W. Diversey Ave.  \n  \n Adult beverages will be available for purchase (21+), and a Polaroid photo booth will be on site for $5. Get your tickets here: www.eventbrite.com/e/socialist-...	Info graphic for Chicago DSA’s Socialist Sing-along event on October 24th at Elastic Arts starting at 7:00pm.
2025-09-05T17:53:06.408Z	at://did:plc:lnkamoorduzvz67yeuh2srvl/app.bsky.feed.post/3ly4a3ddbm226	Chicago DSA has endorsed this protest called for tomorrow, 12PM at the Great Lakes Naval Station in North Chicago, which is accessible by Metra rail.  \n  \n If you can attend please RSVP to join the DSA contingent here: actionnetwork.org/events/join-...	
2025-09-05T21:18:00.190Z	at://did:plc:lnkamoorduzvz67yeuh2srvl/app.bsky.feed.post/3ly4ljplxvk25	Saturday, Sep. 6th we will be supporting a protest called by the IL Coalition for Immigrant and Refugee Rights in downtown Chicago at Ida B. Wells & Michigan Ave at 5:00PM. We need to show up in force and make it clear Chicago will resist a fascist takeover. \n  \n RSVP: actionnetwork.org/events/join-...	
2025-09-05T21:18:32.872Z	at://did:plc:lnkamoorduzvz67yeuh2srvl/app.bsky.feed.post/3ly4lkor44225	bsky.app/profile/chic...	
2025-09-06T21:33:07.621Z	at://did:plc:lnkamoorduzvz67yeuh2srvl/app.bsky.feed.post/3ly74tohgvc2m	Protest 1 of 2 today, this first one out in North Chicago outside the naval base where national guard troops and ICE agents are reportedly gathering.  \n  \n No Trump takeover of Chicago!	 | 
2025-09-07T02:21:10.990Z	at://did:plc:lnkamoorduzvz67yeuh2srvl/app.bsky.feed.post/3ly7mwr65ss23	Protest 2/2 of this Saturday. We love our city, and we aren’t going to allow ICE and the National Guard to terrorize our communities. No Trump, no troops!	 |  |  | 
2025-09-08T12:59:59.734Z	at://did:plc:lnkamoorduzvz67yeuh2srvl/app.bsky.feed.post/3lydb3xrax22g	Chicago DSA continues to show up for Mauser workers on strike. Sign up for today’s picket support shift at 5pm and come out and walk the line, talk to workers, help cook up food, and show Mauser teamsters that Chicago is behind them. RSVP for shifts at the link here docs.google.com/forms/d/e/1F...	
2025-09-09T23:02:07.421Z	at://did:plc:lnkamoorduzvz67yeuh2srvl/app.bsky.feed.post/3lygt7lbge22k	Help us continue supporting the Teamsters on strike at Mauser—a multinational packaging giant. The boycott and outreach to Mauser's customers are making a real impact at the bargaining table. \n  \n Use the script and contact info at this link to reach out to their largest customers: qr1.be/59WV	 | 
2025-09-12T20:19:22.448Z	at://did:plc:lnkamoorduzvz67yeuh2srvl/app.bsky.feed.post/3lyo3jd2tjs25	Since January, the Trump administration has been attacking trans healthcare. At this Town Hall we will be discussing whats going, holding group discussion, providing calls to action around the issue, and how to organize around trans healthcare access. \n  \n Info and RSVP: teamup.com/ksc3uaa38o41...	
2025-09-16T15:17:24.257Z	at://did:plc:lnkamoorduzvz67yeuh2srvl/app.bsky.feed.post/3lyxmizzt6c26	Our next General Chapter Meeting will Sunday, September 21st. In our quarterly GCMs members hear reports on our ongoing work, engage in political education and discussion, and debate & vote on proposals submitted by members. \n  \n Location info available upon RSVP: actionnetwork.org/events/septe...	
2025-09-18T17:39:39.934Z	at://did:plc:lnkamoorduzvz67yeuh2srvl/app.bsky.feed.post/3lz4vfb7l722b	While Chicago has been under surveillance by the far-right, our city has been pushing back. Join our Mass Mobilization Call on Sep 25th. Hear from our Rapid Response Committee about how our chapter is responding to ICE and opportunities to get plugged in.  \n  \n RSVP: us02web.zoom.us/meeting/regi...	
2025-09-20T17:26:06.909Z	at://did:plc:lnkamoorduzvz67yeuh2srvl/app.bsky.feed.post/3lzbvkurdmc2f	TOMORROW!	
2025-09-22T21:26:10.097Z	at://did:plc:lnkamoorduzvz67yeuh2srvl/app.bsky.feed.post/3lzhdvxngqs2j	Our jobs pipeline helps socialists get union jobs and organize for greater worker power! Learn about the rank & file strategy, talk to current union members, and start finding union jobs. Current SEIU 73 members are also welcome to attend. \n  \n RSVP at the link here: actionnetwork.org/events/labor...	
2025-09-24T21:39:08.787Z	at://did:plc:lnkamoorduzvz67yeuh2srvl/app.bsky.feed.post/3lzmfkz6hek2x	TOMORROW!!!	
2025-09-26T21:14:54.279Z	at://did:plc:lnkamoorduzvz67yeuh2srvl/app.bsky.feed.post/3lzrf5iyc3s2u	Join comrades from the Blue Line branch in this event brought to you in collaboration with the CDSA PAC Steering Committee. All CDSA members are welcome for discussion and a few beverages, and some low-key discussion of our electoral strategy for 2026 and 2027. \n  \n Info: teamup.com/ksc3uaa38o41...	
2025-09-30T15:25:32.480Z	at://did:plc:lnkamoorduzvz67yeuh2srvl/app.bsky.feed.post/3m22tii3ph22i	Join us on Sunday, October 12 at the West Loop Library where we will listen to CTA Workers and elected officials talk about public transit funding in Illinois and the effects that state disinvestment has had on both CTA workers and riders.  \n  \n RSVP here: \n actionnetwork.org/events/fix-t...	
2025-10-02T14:40:56.826Z	at://did:plc:lnkamoorduzvz67yeuh2srvl/app.bsky.feed.post/3m27rwlcs2224	Come join us on Saturday, October 11th to learn about and discuss the promotion of AI datacenters under the Trump administration, the devastation it is causing the promise of a New Green Deal, and new environmental concerns facing Chicago/the nation. \n  \n RSVP: tinyurl.com/greennewdealai	
2025-10-03T19:45:11.874Z	at://did:plc:lnkamoorduzvz67yeuh2srvl/app.bsky.feed.post/3m2ctfk5kac2z	This semester, Socialist Night School returns with a six session series entitled “Socialism or Barbarism? Capitalism at a Crossroads” All are welcome, no prior experience or SNS attendance is required! \n  \n RSVP: tinyurl.com/cdsanightsch... \n Readings: tinyurl.com/cdsareading	 | 
2025-10-03T23:11:41.890Z	at://did:plc:lnkamoorduzvz67yeuh2srvl/app.bsky.feed.post/3m2d6ws6sb222	Chicago DSA calls upon state and local leaders to use all available means to protect Chicago residents from the unlawful actions of federal agents. Please read our statement for more information.	
2025-10-03T23:11:41.891Z	at://did:plc:lnkamoorduzvz67yeuh2srvl/app.bsky.feed.post/3m2d6ww4fs222		
2025-10-03T23:11:41.892Z	at://did:plc:lnkamoorduzvz67yeuh2srvl/app.bsky.feed.post/3m2d6wxwgac22		
2025-10-03T23:11:41.893Z	at://did:plc:lnkamoorduzvz67yeuh2srvl/app.bsky.feed.post/3m2d6x2bfnk22		
2025-10-03T23:11:41.894Z	at://did:plc:lnkamoorduzvz67yeuh2srvl/app.bsky.feed.post/3m2d6x5wcuc22		
2025-10-03T23:11:41.895Z	at://did:plc:lnkamoorduzvz67yeuh2srvl/app.bsky.feed.post/3m2d6xcuif222		
2025-10-03T23:11:41.896Z	at://did:plc:lnkamoorduzvz67yeuh2srvl/app.bsky.feed.post/3m2d6xew2zc22		
2025-10-03T23:11:41.897Z	at://did:plc:lnkamoorduzvz67yeuh2srvl/app.bsky.feed.post/3m2d6xgxpm222		
2025-10-06T11:46:08.946Z	at://did:plc:lnkamoorduzvz67yeuh2srvl/app.bsky.feed.post/3m2jjzp4wts2u	TONIGHT!	
2025-10-07T17:00:44.295Z	at://did:plc:lnkamoorduzvz67yeuh2srvl/app.bsky.feed.post/3m2mm35jlus2h	Chicago DSA’s Co-Chair Sean D spoke at a rally for Teamsters back in August. We’ve been supporting Mauser workers on the picket line since early July and are continuing to support Mauser workers on the picket line this month. Sign up for an upcoming shift at chicagodsa.org/events	
2025-10-08T14:42:55.410Z	at://did:plc:lnkamoorduzvz67yeuh2srvl/app.bsky.feed.post/3m2outn6cn22z	Join us to build a fighting socialist movement by welcoming new Chicago DSA members to the chapter. \n  \n In these meetings, new members are invited to learn about the Scale to Win approach & different types of outreach actions available to get involved within Chicago DSA.  \n  \n RSVP tinyurl.com/cdsamovement	
2025-10-10T18:58:16.346Z	at://did:plc:lnkamoorduzvz67yeuh2srvl/app.bsky.feed.post/3m2ue23bdhc2u	This Saturday!	
2025-10-10T18:58:32.679Z	at://did:plc:lnkamoorduzvz67yeuh2srvl/app.bsky.feed.post/3m2ue2ktrnk2u	This Sunday!	
2025-10-13T03:30:15.998Z	at://did:plc:lnkamoorduzvz67yeuh2srvl/app.bsky.feed.post/3m32blgq7mc2e	Monday!	
2025-10-15T16:37:19.850Z	at://did:plc:lnkamoorduzvz67yeuh2srvl/app.bsky.feed.post/3m3aointu5s2j	Sign up to volunteer to make our contingent at No Kings successful. Be a contingent lead, canvass the crowd about DSA & our campaigns, phone bank members to come out, or help with volunteer coordination. \n  \n More info: \n tinyurl.com/cdsanokings \n  \n Volunteer for our contingent: \n tinyurl.com/volunteernokings	
2025-10-17T16:08:52.545Z	at://did:plc:lnkamoorduzvz67yeuh2srvl/app.bsky.feed.post/3m3fntmjzjc2j	Saturday!	
2025-10-20T00:06:48.542Z	at://did:plc:lnkamoorduzvz67yeuh2srvl/app.bsky.feed.post/3m3lji2ztlc2p	Yesterday, Chicago DSA joined the tens of thousands that filled the streets of downtown to demonstrate opposition to the Trump administration. We gave out leaflets about our campaigns and why we’re fighting for socialism and democracy as members of DSA. No kings, no bosses, no war but class war!	 |  |  | 
2025-10-20T21:18:51.603Z	at://did:plc:lnkamoorduzvz67yeuh2srvl/app.bsky.feed.post/3m3nqkoeruc2h	Join us for Chicago DSA Electoral Working Group's October social this Thursday, 5-8pm at Revolution Brewing located at 3340 N Kedzie Avenue in Logan Square/Avondale! \n  \n RSVP tinyurl.com/ewgsocial	
2025-10-22T15:24:47.474Z	at://did:plc:lnkamoorduzvz67yeuh2srvl/app.bsky.feed.post/3m3s5pfcnds2g	THIS FRIDAY, there are still tickets available!	
2025-10-22T23:57:36.107Z	at://did:plc:lnkamoorduzvz67yeuh2srvl/app.bsky.feed.post/3m3t2eel77c26	Join us for Chicago DSA’s Comrades & Cobwebs Halloween Party on Thursday, Oct 30th from 6pm-10pm at Beermiscuous! \n  \n Suggested $10 donation will benefit CDSA and grants entry to the Costume Contest! \n  \n Costume Contest Categories \n - Most Original Costume \n - Best Political Costume \n - Best Group/Pair Costumes	
2025-10-23T00:59:10.510Z	at://did:plc:lnkamoorduzvz67yeuh2srvl/app.bsky.feed.post/3m3t5shtbqs2x	Lincoln Square (and adjacent) Comrades!  \n  \n Come join the Lincoln Square Member Club this Saturday from 2pm to 4pm at the Burning Bush Brewery located at 4014 N Rockwell for drinks and conversation!  \n  \n We’ll discuss the recent campaign of terror by ICE in our neighborhood and other related topics.	
2025-10-25T13:24:20.676Z	at://did:plc:lnkamoorduzvz67yeuh2srvl/app.bsky.feed.post/3m3zierot6s2j	Join us for another Socialist Night School on Monday at 6:30pm to discuss Zohran Mamdani’s historic primary win and how it’s changed socialist electoral politics. We’ll talk about what makes his campaign unique and what it means more broadly for the left. \n  \n RSVP here: teamup.com/ksc3uaa38o41...	 | 
2025-10-30T14:17:05.452Z	at://did:plc:lnkamoorduzvz67yeuh2srvl/app.bsky.feed.post/3m4g5np5nw22d	Do you want elections designed for people, not money? \n  \n Join us 11:30am this Saturday morning, Nov 1st at the Chinese American Service League in Chinatown to learn how to build power for working-class communities through publicly financed elections. \n  \n RSVP at: tinyurl.com/fairelectionstownhall	
2025-11-02T18:48:37.109Z	at://did:plc:lnkamoorduzvz67yeuh2srvl/app.bsky.feed.post/3m4o67yi2zc2k	Join the Chicago DSA North Side Red Line Branch and the Electoral Working Group for a special Election Day Zohran Mamdani watch party. \n  \n We will be at the Jarvis Square Tavern, 1502 W Jarvis Ave. Chicago, IL from 6:30pm to 9:30pm!	
2025-11-02T22:45:00.464Z	at://did:plc:lnkamoorduzvz67yeuh2srvl/app.bsky.feed.post/3m4olgorsks2n	Join the Chicago DSA North Side Blue Line branch for our 2nd location Zohran Mamdani Election Day watch party at Lemmings Bar located at 1850 N Damen Ave.  \n  \n The party starts at 6:30pm on Tuesday, Nov 4th!	
2025-11-03T18:43:50.897Z	at://did:plc:lnkamoorduzvz67yeuh2srvl/app.bsky.feed.post/3m4qogexwg22e	Second watch party location for Tuesday!	
2025-11-05T05:06:56.081Z	at://did:plc:lnkamoorduzvz67yeuh2srvl/app.bsky.feed.post/3m4ubphqawk23	We have a world to win. Join DSA act.dsausa.org/donate/membe...	
2025-11-11T00:41:48.457Z	at://did:plc:lnkamoorduzvz67yeuh2srvl/app.bsky.feed.post/3m5cvovtgac2g	Join Chicago DSA at the Veterans Day March for peace this Tuesday! RSVP to join our contingent: \n actionnetwork.org/events/veter...	
2025-11-11T00:42:57.701Z	at://did:plc:lnkamoorduzvz67yeuh2srvl/app.bsky.feed.post/3m5cvqxtxsc2g	Join us on Zoom this Wednesday November 12 at 5:30pm to 7pm CST for Strategic Mutual Aid Training presented by Chicago DSA Trans Liberation Campaign and DSA Mutual Aid! RSVP at tinyurl.com/cdsamawg for the Zoom link	
2025-11-13T03:23:12.115Z	at://did:plc:lnkamoorduzvz67yeuh2srvl/app.bsky.feed.post/3m5i7ndru5s2j	Excited about Zohran? Join us for our continued discussion around bringing public financing for elections to Chicago. The Chicago DSA Electoral Working Group will meet this Saturday at the Albany Park Library (3401 W. Foster Ave) to debrief on the Nov 1st Town Hall and discuss how we can follow up	
2025-11-13T03:25:02.581Z	at://did:plc:lnkamoorduzvz67yeuh2srvl/app.bsky.feed.post/3m5i7qn523k2j	Join us this Saturday, Nov 15th from 2-4pm at the Burning Bush Brewery for an afternoon of connection & conversation. \n  \n The Lincoln Square Social Club is a space for DSA members and neighbors to connect, build community, & dream together about what’s possible in our corner of the city.	
2025-11-14T22:07:42.142Z	at://did:plc:lnkamoorduzvz67yeuh2srvl/app.bsky.feed.post/3m5mowzoie22q	Join us TOMORROW (Saturday, Nov 15th) morning from 8am to 11am to support Starbucks Workers United strike at the 1901 Dempster St. Evanston, IL location!	
2025-11-16T19:55:00.364Z	at://did:plc:lnkamoorduzvz67yeuh2srvl/app.bsky.feed.post/3m5rihloiyc2c	Tax Corporations to fund Chicago services by signing the petition! \n #corporateheadtax \n  \n Petition: actionnetwork.org/petitions/ta...	
2025-11-16T19:55:00.365Z	at://did:plc:lnkamoorduzvz67yeuh2srvl/app.bsky.feed.post/3m5rihnskps2c	Working people shouldn’t face higher property taxes or grocery fees while wealthy corporations get tax breaks. Companies like Amazon and JP Morgan Chase rely on Chicago’s workforce and services, and they can afford to pay more.  \n  \n #corporateheadtax	
2025-11-16T19:55:00.366Z	at://did:plc:lnkamoorduzvz67yeuh2srvl/app.bsky.feed.post/3m5rihpefh22c	Chicago had a corporate head tax for years, and ending it shifted the cost onto regular residents. Bringing it back would apply only to the largest 3 percent of companies, not small businesses. \n  \n #corporateheadtax	
2025-11-16T19:55:00.367Z	at://did:plc:lnkamoorduzvz67yeuh2srvl/app.bsky.feed.post/3m5rihqn2a22c	If the tax had remained in place, our city would have gained more than $50 million to fund schools, parks, libraries, and safe streets.  \n  \n #corporateheadtax	
2025-11-16T19:55:00.368Z	at://did:plc:lnkamoorduzvz67yeuh2srvl/app.bsky.feed.post/3m5rihryrnc2c	Check our events calendar and join our canvasses to get the word out to Chicago’s communities to pressure our aldermen to support the Corporate Head Tax. \n  \n #corporateheadtax	
2025-11-30T22:26:48.609Z	at://did:plc:lnkamoorduzvz67yeuh2srvl/app.bsky.feed.post/3m6uxhwfkc22s	Our strike kitchen feeds striking baristas and lets them know the community supports them in the struggle. Please donate to the CDSA Strike Solidarity fund linked in our bio to help us to buy food and supplies to keep the kitchen going!	
2025-11-30T22:30:48.519Z	at://did:plc:lnkamoorduzvz67yeuh2srvl/app.bsky.feed.post/3m6uxp36zfk2s	Donate to our Labor Solidarity Fund: \n tinyurl.com/cdsasolidfund	
2025-12-01T00:14:35.066Z	at://did:plc:lnkamoorduzvz67yeuh2srvl/app.bsky.feed.post/3m6v5ind2ys2b	This Friday Dec 5th 6-9pm, join us at Sketchbook Brewing Co located at 4901 Main St, Skokie to hear candidates for the IL-09 Democratic Congressional primary answer questions from socialists in the district. \n  \n Presented by @wsil.dsachapters.org and Chicago DSA \n  \n RSVP: docs.google.com/forms/d/e/1F...	
2025-12-01T16:37:39.182Z	at://did:plc:lnkamoorduzvz67yeuh2srvl/app.bsky.feed.post/3m6wugix4222k	This Saturday, Dec 6th at 11:30am-1pm, join the CDSA Red Rabbits Committee at the CDSA office (3411 W Diversey) for a safety marshal training for street protests & actions! This training is geared toward deescalation, situational awareness, & community safety skills.  \n  \n RSVP: tinyurl.com/mu4zu825	
2025-12-04T15:12:58.841Z	at://did:plc:lnkamoorduzvz67yeuh2srvl/app.bsky.feed.post/3m76b3udhoc23	Chicago DSA members were out 6AM in 6 degrees this morning to support Starbucks workers at the Armitage/Hoyne store who walked out this morning and are now ON STRIKE! Workers will be picketing until noon today and tentatively 6AM-1PM tomorrow and Saturday if you’re able to stop by and join them.	
2025-12-17T15:51:24.161Z	at://did:plc:lnkamoorduzvz67yeuh2srvl/app.bsky.feed.post/3ma6zcjtwrs2k	Join Chicago DSA and Tanggol Migrante Chicago for a Press Conference at the Philippines Consulate Thursday, Dec 18th at 11am. We will demand that the Philippines Consulate take immediate action to advocate for Tita Rebecca’s safe return home for the holidays!	
2025-12-17T15:51:24.162Z	at://did:plc:lnkamoorduzvz67yeuh2srvl/app.bsky.feed.post/3ma6zclshr22k		
2025-12-17T15:51:24.163Z	at://did:plc:lnkamoorduzvz67yeuh2srvl/app.bsky.feed.post/3ma6zcoafvk2k		
2025-12-17T15:51:24.164Z	at://did:plc:lnkamoorduzvz67yeuh2srvl/app.bsky.feed.post/3ma6zcqlgc22k		
2025-12-17T15:51:24.165Z	at://did:plc:lnkamoorduzvz67yeuh2srvl/app.bsky.feed.post/3ma6zcsjxbc2k		
2025-12-17T15:51:24.166Z	at://did:plc:lnkamoorduzvz67yeuh2srvl/app.bsky.feed.post/3ma6zctvook2k		
2025-12-17T15:51:24.167Z	at://did:plc:lnkamoorduzvz67yeuh2srvl/app.bsky.feed.post/3ma6zcvbh322k		
2025-12-18T21:25:34.107Z	at://did:plc:lnkamoorduzvz67yeuh2srvl/app.bsky.feed.post/3mac4gygdc22a	RSVP: actionnetwork.org/events/linco...  \n  \n The Lincoln Square Member Club will be hosting a final end of year social at O’Shaughnessy’s Public House. Join us for an evening of drinks and board games!	
2026-01-09T15:37:18.112Z	at://did:plc:lnkamoorduzvz67yeuh2srvl/app.bsky.feed.post/3mbytailvyc2l	TOMORROW: no war on Venezuela, the arrest of Jonathan Ross for the murder of Renee Nicole Good, an investigation into the murder of Silverio Villegas González, and the arrest of the ICE agent who murdered him! \n  \n 📆 Sat., January 10th \n ⏰ 3:00PM \n 📍 Water Tower Park (180 E Pearson St)	
2026-01-12T17:32:47.305Z	at://did:plc:lnkamoorduzvz67yeuh2srvl/app.bsky.feed.post/3mcal3r6ums26	Sat Jan 17: Doors at 7pm, Music at 8pm \n  \n Enjoy the music of Heccra, Naomi 10 Million, Tenmonthsummer, and Pleasure Dome, at Val's Halla Records in Oak Park.  \n  \n West Cook DSA will be tabling! Tickets are $12 online and $15 at the door. \n  \n teamup.com/ksc3uaa38o41...	
2026-01-13T15:17:13.008Z	at://did:plc:lnkamoorduzvz67yeuh2srvl/app.bsky.feed.post/3mcctyb6jb225	Interested in learning more about DSA, democratic socialism, and our political vision? This event will provide a brief overview of DSA and a longer discussion of our political program, Workers Deserve More. Nonmembers interested in DSA are welcome! \n  \n Info & RSVP: teamup.com/ksc3uaa38o41...	
2026-01-14T18:29:54.351Z	at://did:plc:lnkamoorduzvz67yeuh2srvl/app.bsky.feed.post/3mcfp7qersc2v	You are invited to attend a free film screening of Call Her Ganda with a panel discussion immediately following. This event is organized by the Chicago DSA and PUSO Chicago. \n  \n RSVP here, limited seats: \n  \n actionnetwork.org/events/call-...	
2026-01-15T15:35:53.832Z	at://did:plc:lnkamoorduzvz67yeuh2srvl/app.bsky.feed.post/3mchvxiy6hk2d	This coming Monday: join Chicago DSA along with dozens of organizations for a march condemning ICE terror and honoring Dr. Martin Luther King Jr.’s legacy!  \n  \n RSVP: actionnetwork.org/events/this-...	
2026-01-23T18:03:07.089Z	at://did:plc:lnkamoorduzvz67yeuh2srvl/app.bsky.feed.post/3md4bw4pxuc2h	See all event info at our link in bio! \n tinyurl.com/cdsacalendar \n  \n No events today due to inclement weather but we’ve still got events this weekend! Check out our calendar for more info.	
2026-01-29T17:25:24.802Z	at://did:plc:lnkamoorduzvz67yeuh2srvl/app.bsky.feed.post/3mdlcm7ynh22i	Yesterday, in a packed room of 200 supporters in Gage Park, 25th Ward Alderman & Chicago DSA member Byron Sigcho-Lopez announced his run for Congress in IL 4th Congressional District as an independent democratic socialist. \n  \n Donate: \n tinyurl.com/donatebyron \n  \n Volunteer: \n tinyurl.com/volunteerbyron	
2026-02-03T16:06:06.522Z	at://did:plc:lnkamoorduzvz67yeuh2srvl/app.bsky.feed.post/3mdxqizhejc2b	RSVP on our calendar for more info! \n tinyurl.com/cdsacalendar \n  \n On Saturday, Feb 7th at 3pm, join us in person at the Sulzer library or over Zoom (RSVP for registration) for a debrief of our former Democratize ComEd campaign for municipal control of our local utility.	
2026-02-07T01:39:44.593Z	at://did:plc:lnkamoorduzvz67yeuh2srvl/app.bsky.feed.post/3meabxjhl5c2b	Tomorrow at 3pm!	
2026-02-07T16:22:57.143Z	at://did:plc:lnkamoorduzvz67yeuh2srvl/app.bsky.feed.post/3mebtct4rkc26	Winning campaigns requires effective messaging. But how do you craft an effective message? \n  \n Through the training, participants will develop a foundation in strategic political messaging that can be leveraged in on-going and future chapter organizing. \n  \n teamup.com/ksc3uaa38o41...	
2026-02-09T13:44:16.032Z	at://did:plc:lnkamoorduzvz67yeuh2srvl/app.bsky.feed.post/3meglevyzlk2x	Interested in learning more about DSA, democratic socialism, and our political vision? Join us on Wed, Feb 18th at 7pm at Elastic Arts at 3429 W. Diversey Ave #208. \n  \n This is a great event for new DSA members, non-members interested in learning more about DSA. \n  \n teamup.com/ksc3uaa38o41...	
2026-02-10T00:44:58.647Z	at://did:plc:lnkamoorduzvz67yeuh2srvl/app.bsky.feed.post/3mehqce4tfs27	Join some of your 100,000 new comrades at any one of our Chicago DSA events this week! As always, more information on our chapter calendar at tinyurl.com/cdsacalendar	
2026-02-13T19:40:20.913Z	at://did:plc:lnkamoorduzvz67yeuh2srvl/app.bsky.feed.post/3merb5cxork2a	Rep. Raja Krishnamoorthi (IL-08)  is the front runner in Democratic primary election for Illinois Senator.	
2026-02-13T19:40:20.914Z	at://did:plc:lnkamoorduzvz67yeuh2srvl/app.bsky.feed.post/3merb5f63pc2a	Maybe you’ve seen his paid ads scrolling through reels. Raja is leading in all major polls and raised 28 million dollars just last year, with many corporate PACs making contributions.	
2026-02-13T19:40:20.915Z	at://did:plc:lnkamoorduzvz67yeuh2srvl/app.bsky.feed.post/3merb5h3gls2a		
2026-02-13T19:40:20.916Z	at://did:plc:lnkamoorduzvz67yeuh2srvl/app.bsky.feed.post/3merb5j62gk2a	As a sitting member of Congress, Raja has NOT signed on as a sponsor to Medicare For All, which would guarantee health insurance to all…	
2026-02-13T19:40:20.917Z	at://did:plc:lnkamoorduzvz67yeuh2srvl/app.bsky.feed.post/3merb5kzgt22a	…nor has he signed onto the Block the Bombs Act, which would place an embargo on the sales of weapons to Israel.	
2026-02-13T19:40:20.918Z	at://did:plc:lnkamoorduzvz67yeuh2srvl/app.bsky.feed.post/3merb5mok222a	What has Raja done? Well, just last year he voted with Republicans to give ICE a big thank you.	
2026-02-13T19:40:20.919Z	at://did:plc:lnkamoorduzvz67yeuh2srvl/app.bsky.feed.post/3merb5oaerc2a	Workers deserve more than another liberal centrist in the Senate. Vote on or before Tuesday, March 17th in the Illinois Democratic Primary to vote AGAINST Raja Krishnamoorthi.	
2026-02-13T19:40:20.920Z	at://did:plc:lnkamoorduzvz67yeuh2srvl/app.bsky.feed.post/3merb5pypis2a		
2026-02-13T19:40:20.921Z	at://did:plc:lnkamoorduzvz67yeuh2srvl/app.bsky.feed.post/3merb5rnf2c2a	Early voting is now ongoing in the City of Chicago.	
2026-02-15T19:59:05.711Z	at://did:plc:lnkamoorduzvz67yeuh2srvl/app.bsky.feed.post/3mewd4olbds2e	Join the Chicago DSA Multiracial Organizing Committee on Saturday, Feb 21st at 6pm for a Black History Month teach in and social taking place in the Fine Art Building Annexes - Studio B. \n  \n teamup.com/ksc3uaa38o41...	
2026-02-16T14:39:28.033Z	at://did:plc:lnkamoorduzvz67yeuh2srvl/app.bsky.feed.post/3meybq2rr5k2e	This is a great week to learn about how Chicago DSA is engaging in electoral work as socialists. Check out these events and more at chicagodsa.org/events	
2026-02-19T00:26:29.594Z	at://did:plc:lnkamoorduzvz67yeuh2srvl/app.bsky.feed.post/3mf6dhlms7c2u	Come out this Saturday, Feb 21st  3-6pm at Burning Bush Brewery at 4014 N. Rockwell St where we’ll have board games and casual conversation.  \n  \n Welcome to bring your own casual board games but plenty will also be available! \n  \n actionnetwork.org/events/linco...	
2026-02-20T19:47:25.838Z	at://did:plc:lnkamoorduzvz67yeuh2srvl/app.bsky.feed.post/3mfcusggknc2n	We honor the life, work, and legacy of the Rev. Jesse Jackson.  \n  \n We acknowledge his work organizing in Chicago during Operation Breadbasket, Operation PUSH, and the Rainbow Coalition as crucial moments in our city’s history for the rights of working Black people and for the broad working class.	
2026-02-20T19:47:25.839Z	at://did:plc:lnkamoorduzvz67yeuh2srvl/app.bsky.feed.post/3mfcushyuyk2n	We believe his Presidential campaigns in 1984 and 1988 forced the Democratic Party to acknowledge the existence of a Left, multi-racial working class movement, that rejected austerity and racially motivated smears by the Right to divide the working class.	
2026-02-20T19:47:25.840Z	at://did:plc:lnkamoorduzvz67yeuh2srvl/app.bsky.feed.post/3mfcushyxwc2n	In celebration of Black History Month & the vision of a united multi-racial working class, we encourage everyone to attend the Multi Racial Organizing Committee Social this Saturday, Feb 21st, 6-7:30pm at the Fine Arts Building downtown where we will discuss our mission. \n  \n teamup.com/ksc3uaa38o41...	
2026-02-21T19:58:27.852Z	at://did:plc:lnkamoorduzvz67yeuh2srvl/app.bsky.feed.post/3mfffv3agnc2l	See our statement on Governor Pritzker’s proposed FY2027 budget for Illinois here.  \n  \n We call on all members of the IL General Assembly to VOTE NO on any budget that doesn’t include taxes on the rich!	
2026-02-21T19:58:27.853Z	at://did:plc:lnkamoorduzvz67yeuh2srvl/app.bsky.feed.post/3mfffv4quh22l		
2026-02-21T19:58:27.854Z	at://did:plc:lnkamoorduzvz67yeuh2srvl/app.bsky.feed.post/3mfffv6czw22l		
2026-02-21T19:58:27.855Z	at://did:plc:lnkamoorduzvz67yeuh2srvl/app.bsky.feed.post/3mfffva3x7c2l		
2026-02-21T19:58:27.856Z	at://did:plc:lnkamoorduzvz67yeuh2srvl/app.bsky.feed.post/3mfffvbgva22l		
2026-02-21T19:58:27.857Z	at://did:plc:lnkamoorduzvz67yeuh2srvl/app.bsky.feed.post/3mfffvd2dpk2l		
2026-02-21T19:58:27.858Z	at://did:plc:lnkamoorduzvz67yeuh2srvl/app.bsky.feed.post/3mfffvesuck2l		
2026-02-21T19:58:27.859Z	at://did:plc:lnkamoorduzvz67yeuh2srvl/app.bsky.feed.post/3mfffvgnr322l		
2026-02-22T18:43:40.288Z	at://did:plc:lnkamoorduzvz67yeuh2srvl/app.bsky.feed.post/3mfhs6azjxs2o	Join us 2/28 & 3/1 to help get Byron on the ballot for the IL-04 Congressional race at the 25th Ward IPO Office.  \n  \n Independent candidates need more than 10,000 signatures to get on the ballot—nearly ten times what Democrats require. Help us get Byron on the ballot!  \n  \n RSVP: tinyurl.com/byroncampaign	
2026-02-23T16:22:51.938Z	at://did:plc:lnkamoorduzvz67yeuh2srvl/app.bsky.feed.post/3mfk2rfj7422s	Get into a full week of events at Chicago DSA with a book club, crafting with comrades or learning about our chapter’s platform!  \n  \n More at chicagodsa.org/events	
2026-02-27T17:30:31.473Z	at://did:plc:lnkamoorduzvz67yeuh2srvl/app.bsky.feed.post/3mfuag2tpik2q	Check out our weekend of events! Most notably, we kick off canvassing for Byron Sigcho-Lopez’s campaign starting tomorrow. \n  \n teamup.com/ksc3uaa38o41...	
2026-03-04T21:39:38.056Z	at://did:plc:lnkamoorduzvz67yeuh2srvl/app.bsky.feed.post/3mgbao4d7rc23	Join our International Solidarity Working Group’s No Appetite for Apartheid Research Party on Saturday, March 7th. RSVP for Zoom or In Person location info. \n  \n We will be researching and power mapping businesses/products to boycott for our No Appetite for Apartheid campaign \n  \n teamup.com/ksc3uaa38o41...	 | 
2026-03-05T11:36:03.195Z	at://did:plc:lnkamoorduzvz67yeuh2srvl/app.bsky.feed.post/3mgcpfqljzc2h	This past weekend, Chicago DSA helped mobilize 85 volunteers to gather 850 signatures for Byron Sigcho-Lopez’s independent campaign for Congress!  \n  \n This is amazing start to petition season, but it only just that: the start.	
2026-03-05T11:36:03.196Z	at://did:plc:lnkamoorduzvz67yeuh2srvl/app.bsky.feed.post/3mgcpfsfmg22h	We need all hands on deck between now and the end of May to get Byron on the ballot. \n  \n We’ll be out canvassing again this weekend back at the 25th Ward IPO Office (2102 W Cermak), 11AM both Saturday and Sunday.  \n  \n RSVP: \n tinyurl.com/byroncanvass	
2026-03-06T14:32:00.404Z	at://did:plc:lnkamoorduzvz67yeuh2srvl/app.bsky.feed.post/3mgfjpc6mjk2c	RSVP: tinyurl.com/byroncanvass \n  \n On Saturday 3/7 and Sunday 3/8, let’s keep the momentum going!  \n  \n Join Chicago DSA comrades and help make history by canvassing to collect signatures to get Democratic Socialist candidate Byron Sigcho-Lopez on the ballot for his congressional campaign.	
2026-03-08T22:29:46.933Z	at://did:plc:lnkamoorduzvz67yeuh2srvl/app.bsky.feed.post/3mglfdhn5qs2p	On Sunday, March 15th 2:15pm, join us at Uprising Theater & Cafe for our Chicago DSA Townhall on ICE.  \n  \n RSVP tinyurl.com/uprisingtownhall \n  \n ICE will return, be ready! Join Chicago DSA & our allies to discuss community organizing in Chicago & other cities affected by ICE terror	
2026-03-09T14:32:04.246Z	at://did:plc:lnkamoorduzvz67yeuh2srvl/app.bsky.feed.post/3mgn346a5hc2c	Check out all our events on chicagodsa.org/events	
2026-03-11T22:15:34.035Z	at://did:plc:lnkamoorduzvz67yeuh2srvl/app.bsky.feed.post/3mgsvwsn3is2l	Please RSVP: tinyurl.com/byroncanvassmarch \n  \n We have multiple canvassing dates over the next couple weeks in multiple locations!  \n  \n Join us in collecting signatures to get our endorsed candidate, Byron Sigcho-Lopez, on the ballot as an independent Democratic Socialist for Congress.	 | 
2026-03-13T19:05:26.017Z	at://did:plc:lnkamoorduzvz67yeuh2srvl/app.bsky.feed.post/3mgxmanzjvk2u	Join Chicago DSA’s Queer Socialist Working Group on Friday 3/20 at 6pm for a rally to Protect Trans Healthcare and Demand that ASPS retract their transphobic statement on gender affirming surgery!!  \n  \n RSVP: tinyurl.com/ASPSrally	
2026-03-14T15:53:53.156Z	at://did:plc:lnkamoorduzvz67yeuh2srvl/app.bsky.feed.post/3mgzrz32lf22t	Join Chicago DSA’s Labor Branch on April 3rd for Jobapalooza!! RSVP tinyurl.com/jobapalooza \n  \n Jobapalooza will include several workplaces organizing a union, or organizing to boost and support existing union organizing. You will talk with people who want to get a job at the workplace to help organize	
2026-03-17T01:46:43.624Z	at://did:plc:lnkamoorduzvz67yeuh2srvl/app.bsky.feed.post/3mh7u2ym4w22m	Join us for an action packed week and weekend! All events at chicagodsa.org/events	 | 
2026-03-19T15:48:56.765Z	at://did:plc:lnkamoorduzvz67yeuh2srvl/app.bsky.feed.post/3mhge2toilk2l	Join our rally on Friday 3/20 at 6pm. RSVP in the link in our bio or tinyurl.com/aspsrally	
2026-03-19T15:48:56.766Z	at://did:plc:lnkamoorduzvz67yeuh2srvl/app.bsky.feed.post/3mhge2vctfc2l		
2026-03-19T15:48:56.767Z	at://did:plc:lnkamoorduzvz67yeuh2srvl/app.bsky.feed.post/3mhge2wte4s2l		
2026-03-19T15:48:56.768Z	at://did:plc:lnkamoorduzvz67yeuh2srvl/app.bsky.feed.post/3mhge2ysklk2l		
2026-03-19T15:48:56.769Z	at://did:plc:lnkamoorduzvz67yeuh2srvl/app.bsky.feed.post/3mhge333gmk2l		
2026-03-20T17:48:23.322Z	at://did:plc:lnkamoorduzvz67yeuh2srvl/app.bsky.feed.post/3mhj37dpaf222	Join us for DSA 102 at 10am on Sunday, March 29th at Haymarket House! \n  \n RSVP tinyurl.com/DSA102march  \n  \n Whether you just joined or are a long-time member looking to get more involved (or re-involved), you’re invited to attend our chapter’s brand new Member Orientation event.	
2026-03-23T10:55:29.221Z	at://did:plc:lnkamoorduzvz67yeuh2srvl/app.bsky.feed.post/3mhpvjrnxe226	RSVP: tinyurl.com/kyradoptacorner \n  \n This is a Zoom training for an Adopt-A-Corner strategy that groups have used to help with day laborers & others threatened by ICE. \n  \n For people with previous KYR/ICE Watch knowledge who want to help their communities outside of neighborhood and school chats.	
2026-03-23T15:05:45.970Z	at://did:plc:lnkamoorduzvz67yeuh2srvl/app.bsky.feed.post/3mhqdjcqrcc2r	Join us for all these great events this week! More information at chicagodsa.org/events	 | 
2026-03-25T17:15:54.044Z	at://did:plc:lnkamoorduzvz67yeuh2srvl/app.bsky.feed.post/3mhvlpu24ck2n	Saturday, 1:30-4pm, Butler Field in Grant Park \n  \n RSVP: tinyurl.com/marchnokings \n  \n No Kings, No Bombs, No Billionaires! \n  \n Join Chicago DSA as we march together with the Chicago community in opposing illegal and unnecessary attacks against our neighbors, our communities, and our democracy.	
2026-03-26T17:31:48.225Z	at://did:plc:lnkamoorduzvz67yeuh2srvl/app.bsky.feed.post/3mhy537hpzc24	This Sunday!	
2026-03-26T20:58:25.776Z	at://did:plc:lnkamoorduzvz67yeuh2srvl/app.bsky.feed.post/3mhyimop5bk25	On Monday, March 30th at 6:30pm, Chicago DSA’s Socialist Night School kicks off its 16th semester with “WHY THE WORKING CLASS?” \n  \n RSVP on the event in our calendar at: chicagodsa.org/events	 | 
2026-04-02T17:41:20.493Z	at://did:plc:lnkamoorduzvz67yeuh2srvl/app.bsky.feed.post/3mijquph6j22n	TOMORROW!	
2026-04-03T11:39:54.469Z	at://did:plc:lnkamoorduzvz67yeuh2srvl/app.bsky.feed.post/3miln5dj6kk2f	Join us this Saturday, April 4th at the Bucktown-Wicker Park Library for an informal coffee chat that explores the tension between socialist movements and electoral politics.  \n  \n Suggested Reading: \n  \n - “Which Way to Socialism” Jacobin jacobin.com/2019/07/soci...	
2026-04-06T17:47:40.727Z	at://did:plc:lnkamoorduzvz67yeuh2srvl/app.bsky.feed.post/3mitt3pwfhs2a	Check out our events this week at chicagodsa.org/events 🌹	 | 
2026-04-21T18:59:25.681Z	at://did:plc:lnkamoorduzvz67yeuh2srvl/app.bsky.feed.post/3mjzo3te4ds2d	Join Chicago DSA’s new Comrades with Kids group for a kids clothing swap on Sunday, May 3rd starting at 11am! Bring your kiddos and come meet other DSA parents. \n  \n RSVP:  actionnetwork.org/events/comra...	
2026-04-24T14:43:11.537Z	at://did:plc:lnkamoorduzvz67yeuh2srvl/app.bsky.feed.post/3mkar6fsrsc2q	Join Chicago DSA at the May Day Rally and March on Friday, May 1st as well as additional events to learn about the history of May Day, support the UIC GEO Union, and learn about the Haymarket Martyrs. \n  \n RSVP and see more information about these events on our chapter calendar at chicagodsa.org/events	 | 
2026-04-27T15:26:53.246Z	at://did:plc:lnkamoorduzvz67yeuh2srvl/app.bsky.feed.post/3mkiezchaik24	Say No to the Anti-Worker Agenda in Springfield! \n  \n Sign here: tinyurl.com/opposeawa2026	
2026-04-27T15:26:53.247Z	at://did:plc:lnkamoorduzvz67yeuh2srvl/app.bsky.feed.post/3mkieze7o5s24		
2026-04-27T15:26:53.248Z	at://did:plc:lnkamoorduzvz67yeuh2srvl/app.bsky.feed.post/3mkiezfztic24		
2026-04-27T15:26:53.249Z	at://did:plc:lnkamoorduzvz67yeuh2srvl/app.bsky.feed.post/3mkiezhqpds24		
2026-04-27T15:26:53.250Z	at://did:plc:lnkamoorduzvz67yeuh2srvl/app.bsky.feed.post/3mkiezje3us24		
2026-04-27T15:26:53.251Z	at://did:plc:lnkamoorduzvz67yeuh2srvl/app.bsky.feed.post/3mkiezksxus24		
2026-04-27T15:26:53.252Z	at://did:plc:lnkamoorduzvz67yeuh2srvl/app.bsky.feed.post/3mkiezm5wus24		
2026-04-27T15:26:53.253Z	at://did:plc:lnkamoorduzvz67yeuh2srvl/app.bsky.feed.post/3mkieznqi2s24		
2026-04-27T15:26:53.254Z	at://did:plc:lnkamoorduzvz67yeuh2srvl/app.bsky.feed.post/3mkiezp5w6224	Sign here: tinyurl.com/opposeawa2026	
2026-04-27T17:53:20.249Z	at://did:plc:lnkamoorduzvz67yeuh2srvl/app.bsky.feed.post/3mkin76fb522a	Come cap off May Day with a thrilling night of trivia all about our wonderful city! \n  \n Entry is $30 to play and all funds go the the University of Illinois Graduate Employees Organization who are on strike for a fair contract. \n  \n RSVP to this event and more at chicagodsa.org/events	
2026-05-06T18:04:44.424Z	at://did:plc:lnkamoorduzvz67yeuh2srvl/app.bsky.feed.post/3ml7bztzers2l	Join us on Sunday, May 10th at 7pm for this discussion at the Kalapriya Indian Performing Arts Center, 2101 S. Wabash, Suite 1, Chicago, IL	
2026-05-10T23:40:02.018Z	at://did:plc:lnkamoorduzvz67yeuh2srvl/app.bsky.feed.post/3mljwn3iuic2h	RSVP in link in bio or tinyurl.com/volunteerbyron \n  \n The deadline to get these signatures is coming up in LESS THAN TWO WEEKS!!	
2026-05-10T23:40:02.019Z	at://did:plc:lnkamoorduzvz67yeuh2srvl/app.bsky.feed.post/3mljwn5jopc2h	If you don't know already, our comrade and member Byron Sigcho-Lopez is running for Congress in the Il-4th as an independent Democratic Socialist.	
2026-05-10T23:40:02.020Z	at://did:plc:lnkamoorduzvz67yeuh2srvl/app.bsky.feed.post/3mljwn5jrn22h	He is doing so after outgoing Congressman Chuy Garcia announced his retirement only hours before the filing deadline to run in the Democratic primary clearing the way for his chief of staff, Patty Garcia, to be the only candidate.	
2026-05-10T23:40:02.021Z	at://did:plc:lnkamoorduzvz67yeuh2srvl/app.bsky.feed.post/3mljwn5jtlk2h	As socialists we cannot tolerate undemocratic maneuvers like this in our city. The party duopoly has erected a lot of legal barriers to independent runs.	
2026-05-10T23:40:02.022Z	at://did:plc:lnkamoorduzvz67yeuh2srvl/app.bsky.feed.post/3mljwn5juks2h	Most crucially, our run requires 11k signatures (after our opponents will get ~25% of them thrown out) to get on the ballot. Our chapter has committed to collect 11k signatures on its own while thousands more will come from community allies.	
2026-05-10T23:40:02.023Z	at://did:plc:lnkamoorduzvz67yeuh2srvl/app.bsky.feed.post/3mljwn5jxik2h	Getting on the ballot is going to be a very close call. Sign up TODAY for a canvassing shift! \n  \n tinyurl.com/volunteerbyron	
2026-05-11T16:22:30.402Z	at://did:plc:lnkamoorduzvz67yeuh2srvl/app.bsky.feed.post/3mllonnhous2g	Check out our events this week at chicagodsa.org/events 🌹	
2026-05-11T16:22:30.403Z	at://did:plc:lnkamoorduzvz67yeuh2srvl/app.bsky.feed.post/3mllonq2q422g	And for this weekend! chicagodsa.org/events 🌹	
2026-05-11T20:04:03.271Z	at://did:plc:lnkamoorduzvz67yeuh2srvl/app.bsky.feed.post/3mlm2zsk6ys26	The CDSA Political Education committee is kicking off a series of trainings on How to Talk About Socialism with Non-Socialists. \n  \n The May 13th session will focus on talking about socialism with non-socialists in the context of canvassing. \n  \n RSVP on our events calendar: chicagodsa.org/events	
2026-05-12T23:53:46.150Z	at://did:plc:lnkamoorduzvz67yeuh2srvl/app.bsky.feed.post/3mloydiel4s2i	Join CDSA comrades tabling Wednesday, May 13th at the 7PM screening of “Steal This Story, Please!”about independent news outlet Democracy Now! at the historic Music Box Theater. Setup is at 6PM, doors at 6:30, and you will be able to watch the movie for free \n  \n RSVP actionnetwork.org/events/steal...	
2026-05-14T17:20:07.352Z	at://did:plc:lnkamoorduzvz67yeuh2srvl/app.bsky.feed.post/3mltdbgnuhs2y	Saturday at 3pm! RSVP: chicagodsa.org/events  \n  \n The so-called "gig" economy presents unique challenges to workers as they struggle to gain a living wage. Whether you're an Uber driver or a tech worker, this casual coffee chat offers a supportive space to tell your stories and share your ideas for.	
2026-05-14T19:44:47.673Z	at://did:plc:lnkamoorduzvz67yeuh2srvl/app.bsky.feed.post/3mltle4tzmc26	Join us at Nabala Cafe this Saturday at 6pm! \n  \n CDSA’S International Solidarity Working Group (ISWG) is excited to announce our NA4A (No Appetite For Apartheid) Campaign, along with a Palestinian Market Day at Nabala Cafe. There will be Palestinian businesses, Palestinian food, and canvas sign-ups.	
2026-05-14T20:07:21.184Z	at://did:plc:lnkamoorduzvz67yeuh2srvl/app.bsky.feed.post/3mltmmhntqk2m	Join us this Saturday 6-9pm in Oak Park!! \n  \n Byron campaign volunteers are gathering for a house party in Oak Park to connect and build on the momentum of the campaign. Please join us for appetizers, beer and wine. \n  \n RSVP required: tinyurl.com/bslparty	
2026-05-19T10:46:09.099Z	at://did:plc:lnkamoorduzvz67yeuh2srvl/app.bsky.feed.post/3mm77lkr57k2s	At Elastic Arts this Wednesday at 7pm! RSVP Required! \n  \n This 90 minute event will provide a brief overview of DSA and a longer discussion of our political program, Workers Deserve More. There will also be time for some Q+A with a Chicago DSA chapter leader. \n  \n RSVP: \n actionnetwork.org/events/dsa-1...	
2026-05-20T17:13:18.507Z	at://did:plc:lnkamoorduzvz67yeuh2srvl/app.bsky.feed.post/3mmcforj7w22b	Let’s finish strong!! Final week to get Byron Sigcho-Lopez on the ballot as an independent Democratic Socialist.  \n  \n Sign up at tinyurl.com/volunteerbyron	
2026-06-11T14:27:20.408Z	at://did:plc:lnkamoorduzvz67yeuh2srvl/app.bsky.feed.post/3mnzgoaukwk2c	RSVP Required! RSVP at chicagodsa.org/events \n  \n The Member Orientation is a one day, in-person intensive that goes in depth about democratic socialist ideology, DSA’s theory of change and organizing ethos, and includes a practical how-to on how to navigate both the chapter and national organization	
2026-06-11T15:59:56.775Z	at://did:plc:lnkamoorduzvz67yeuh2srvl/app.bsky.feed.post/3mnzlttthkk2p	We’re excited to announce the 5 wards that we’ll be prioritizing for the 2027 Aldermanic elections! \n  \n To learn more about our endorsement process, visit: chicagodsa.org/electoral-co....	 | 
2026-06-21T17:48:48.381Z	at://did:plc:lnkamoorduzvz67yeuh2srvl/app.bsky.feed.post/3moswlphq2s27	RSVP at tinyurl.com/cdsatraining  \n  \n Join the PoliEd committee for a virtual session to learn how to facilitate skills trainings for your branches, working groups, committees, or any group of comrades. We will walk you through best practices and apply our learnings together in an interactive session.	
2026-06-22T17:17:37.181Z	at://did:plc:lnkamoorduzvz67yeuh2srvl/app.bsky.feed.post/3movfcufxdk27	On July 16th, join community members, organizations, elected officials for a discussion about Chicago’s Fair Election Ordinance - a small dollar matching program that’ll increase participation in local elections, empowering ordinary working people to run for office. \n  \n RSVP at bit.ly/fairelections2026	
2026-06-24T17:29:30.386Z	at://did:plc:lnkamoorduzvz67yeuh2srvl/app.bsky.feed.post/3mp2gvxivi22i	RSVP actionnetwork.org/events/peopl... \n  \n This Saturday, June 27th, 3-6pm at Quinn Chapel, 2401 S Wabash Ave \n  \n Join Chicago DSA comrades in showing up to make our voices heard among the progressive organizations of the city rallying in support of the People’s Unity Platform: peoplesunityplatform.com	
2026-06-29T17:26:47.731Z	at://did:plc:lnkamoorduzvz67yeuh2srvl/app.bsky.feed.post/3mpgz3poprk2b	RSVP on link in bio or: \n  \n forms.gle/jBe4SNXbeYLh...	 |  | 
2026-07-09T22:34:25.429Z	at://did:plc:lnkamoorduzvz67yeuh2srvl/app.bsky.feed.post/3mqaowywihc2p	Last week, The Chicago Tribune’s editorial board wrote that DSA is too radical and alienating for everyday Americans. We beg to differ! Check out our response in today’s Letters to the Editor 🌹	 |  |  | 
2026-07-13T20:23:39.722Z	at://did:plc:lnkamoorduzvz67yeuh2srvl/app.bsky.feed.post/3mqkjiujhb22c	Come beat the heat this week with Chicago DSA! For more information about these events and more, visit our full calendar at chicagodsa.org/events	
2026-07-14T17:51:01.450Z	at://did:plc:lnkamoorduzvz67yeuh2srvl/app.bsky.feed.post/3mqmrgtxxac2g	Join CDSA’s Political Education Committee for an evening film screening in this installment of our Socialist Summer School! Based on real events, “Strike” (1925) tells the story of a group of factory workers in Tsarist Russia who strike against their oppressive bosses.  \n  \n RSVP: chicagodsa.org/events	
2026-07-14T23:02:25.716Z	at://did:plc:lnkamoorduzvz67yeuh2srvl/app.bsky.feed.post/3mqnctooft22q	Join us this Thursday for a town hall to discuss the Chicago Fair Elections Ordinance—a proposal that would empower working class people to run for local office by implementing funds matching for small donors at the city level. Learn more and RSVP at bit.ly/fairelections2026	
2026-07-14T23:02:25.717Z	at://did:plc:lnkamoorduzvz67yeuh2srvl/app.bsky.feed.post/3mqnctpj2ec2q	RSVP at bit.ly/fairelections2026	
2026-07-14T23:02:25.718Z	at://did:plc:lnkamoorduzvz67yeuh2srvl/app.bsky.feed.post/3mqncts4jb22q	RSVP at bit.ly/fairelections2026	
2026-07-15T18:29:06.364Z	at://did:plc:lnkamoorduzvz67yeuh2srvl/app.bsky.feed.post/3mqpdzuiqks2u	Join our Electoral Working Group at Consignment Lounge this Saturday to celebrate the recent elections of socialists across the country! We’ll be next to the DSA 101 session happening immediately beforehand, and we encourage new members to join us. Info and to RSVP: chicagodsa.org/events	
2026-07-16T19:43:06.708Z	at://did:plc:lnkamoorduzvz67yeuh2srvl/app.bsky.feed.post/3mqryn4lyzk2r	Weekend’s almost here 🌹🌹🌹🌹 Check out our full events list at Chicago dsa.org/events!	
2026-07-21T12:36:28.566Z	at://did:plc:lnkamoorduzvz67yeuh2srvl/app.bsky.feed.post/3mr5t4tmihc22	Another week full of opportunities to build working class power together 🌹✨🌹✨ For our full calendar and RSVP links, visit chicagodsa.org/events	
2026-07-21T17:38:43.664Z	at://did:plc:lnkamoorduzvz67yeuh2srvl/app.bsky.feed.post/3mr6dzol5nk23	Scan the QR code or visit tiny.url/cdsapro to learn more about the PRO and tell your alderperson why they should support it!	
2026-07-21T17:38:43.666Z	at://did:plc:lnkamoorduzvz67yeuh2srvl/app.bsky.feed.post/3mr6dzxooqs23	tiny.url/cdsapro	
2026-07-21T17:52:01.856Z	at://did:plc:lnkamoorduzvz67yeuh2srvl/app.bsky.feed.post/3mr6er3sjks23	The Protecting Renters Ordinance (PRO) would establish several crucial reforms to protect tenants throughout the city—which is exactly why a group of City Council members aligned with wealthy landlords and the real estate lobby are trying to put a stop to it.	
2026-07-21T17:52:01.857Z	at://did:plc:lnkamoorduzvz67yeuh2srvl/app.bsky.feed.post/3mr6erf6xt223	tinyurl.com/cdsapro	
2026-07-21T17:52:01.858Z	at://did:plc:lnkamoorduzvz67yeuh2srvl/app.bsky.feed.post/3mr6eriutck23	tinyurl.com/cdsapro	
2026-07-21T17:52:01.859Z	at://did:plc:lnkamoorduzvz67yeuh2srvl/app.bsky.feed.post/3mr6erkovpc23	Scan the QR code or visit tinyurl.com/cdsapro to learn more about the PRO and tell your alderperson why they should support it!	
2026-07-22T19:47:40.226Z	at://did:plc:lnkamoorduzvz67yeuh2srvl/app.bsky.feed.post/3mrb3os7mh22i	Our statement on DSA member and Chicago Alderman Byron Sicho-Lopez’s recent removal from the general election ballot by the Illinois State Board of Elections.	
2026-07-22T19:47:40.227Z	at://did:plc:lnkamoorduzvz67yeuh2srvl/app.bsky.feed.post/3mrb3oucf622i		
2026-07-22T19:47:40.228Z	at://did:plc:lnkamoorduzvz67yeuh2srvl/app.bsky.feed.post/3mrb3ow4mh22i		
2026-07-22T19:47:40.229Z	at://did:plc:lnkamoorduzvz67yeuh2srvl/app.bsky.feed.post/3mrb3oxhkhs2i		
2026-07-24T21:23:16.654Z	at://did:plc:lnkamoorduzvz67yeuh2srvl/app.bsky.feed.post/3mrgbxlswxk25	The Dems have their money, and we have working class people who volunteer their time to organize these events because they believe in our shared vision 🌹🌹🌹	
2026-07-24T21:31:25.715Z	at://did:plc:lnkamoorduzvz67yeuh2srvl/app.bsky.feed.post/3mrgcg67wl225	Join us for an event near you this weekend! 🌹 \n chicagodsa.org/events	
2026-07-27T17:36:37.658Z	at://did:plc:lnkamoorduzvz67yeuh2srvl/app.bsky.feed.post/3mrngp36uec25	Our final events of July! Check out chicagodsa.org/events for our full calendar and more info on each event	
2026-07-28T15:49:34.601Z	at://did:plc:lnkamoorduzvz67yeuh2srvl/app.bsky.feed.post/3mrpr6l5iqc2o	THIS Friday, July 31, join us at the Chicago Liberation Center for a town hall on recent socialist wins across the country and how we can continue to build momentum to elect socialists everywhere!  \n  \n Info & RSVP: chicagodsa.org/events	
2026-07-31T19:46:24.136Z	at://did:plc:lnkamoorduzvz67yeuh2srvl/app.bsky.feed.post/3mrxpsssbsk2h	Rain, rain, go away! Or don’t—we’ll be organizing all around the city either way 🌦️🌦️🌦️ For a full list of events and RSVP information, visit chicagodsa.org/events	
2026-08-03T18:32:11.213Z	at://did:plc:lnkamoorduzvz67yeuh2srvl/app.bsky.feed.post/3ms752uk46s2r	Check out our interview in CBS Chicago! \n  \n "The city election is about how we address the financial crisis. Either we tax the rich and expand services working people need—or we cut services and raise fees on the people already paying too much. That's the choice. Which side are you on?"	
2026-08-03T19:42:04.925Z	at://did:plc:lnkamoorduzvz67yeuh2srvl/app.bsky.feed.post/3ms7axty3222l	Consider this your sign from the universe to visit chicagodsa.org/events and find an event to join us at this week!	
2026-08-04T19:14:53.889Z	at://did:plc:lnkamoorduzvz67yeuh2srvl/app.bsky.feed.post/3msbpw5xkh22q	Check out this story about DSA and the 2027 city election cycle, featuring an interview with Chicago DSA co-chair Sean Duffy! If you’re on the side of the working class, join us at a Chicago DSA event near you to help us build power in the workplace and at the ballot box.	 | 
2026-08-07T19:05:49.781Z	at://did:plc:lnkamoorduzvz67yeuh2srvl/app.bsky.feed.post/3msjaspgwy22j	Happy weekend, comrades! Join us at one of these events—whether you’re a long-time member or new and looking to get involved, we’re eager to build DSA alongside you. Visit chicagodsa.org/events for our full calendar	
2026-08-11T18:44:52.236Z	at://did:plc:lnkamoorduzvz67yeuh2srvl/app.bsky.feed.post/3mstbivymr22x	Join us for a rally and canvass in support of the Protecting Renters Ordinance (PRO) on Sunday, August 16, 11AM, starting at Kathy Osterman Beach! We’re excited to build support for legislation that will implement protections for tenants across the city!  \n  \n Info and RSVP: chicagodsa.org/events	
2026-08-12T15:48:47.266Z	at://did:plc:lnkamoorduzvz67yeuh2srvl/app.bsky.feed.post/3msvi4xwa4s2j	Chicago DSA is proud to announce our Socialist Slate—six candidates fighting to represent the working class on City Council!	
2026-08-12T15:48:47.267Z	at://did:plc:lnkamoorduzvz67yeuh2srvl/app.bsky.feed.post/3msvi54c2qc2j	Incumbents Byron Sigcho-Lopez, Rossana Rodriguez-Sanchez, Anthony Quezada, and Angela Clay have worked tirelessly to expand access to affordable housing, tenants rights, non-police crisis response services, and a budget that serves our communities rather than corporate interests.	 | 
2026-08-12T15:48:47.268Z	at://did:plc:lnkamoorduzvz67yeuh2srvl/app.bsky.feed.post/3msvi5by3wk2j	And with your help, we can expand our ranks by electing challengers Raheem Uqdah in the 3rd Ward and Kalen Luciano in the 44th Ward! See the last slide to learn more about how you can help support the Socialist Slate and build a City Council that works for the working class. \n  \n www.cdsa-pac.org	
