,,"Statement and Return Report

for Certification



Primary Election 2026 - 06/23/2026


Bronx County
 - 
Democratic Party




Democratic Representative in Congress


14th Congressional District


Vote for 1","Assembly District 79","Public Counter",53,"Total Ballots",59,"Less - Inapplicable Federal/Special Presidential Ballots",0,"Total Applicable Ballots",59,,,"Unrecorded",1,,,"We certify this statement to be correct, and have caused the same to be attested by the signatures of the members of the board, or a majority thereof, on Tuesday, July 14, 2026.","Secretary","Chairman","Deputy Chief Clerk","Canvassing Board","Canvassing Board","Deputy Chief Clerk","Page -1 of 1"
,,"Statement and Return Report

for Certification



Primary Election 2026 - 06/23/2026


Bronx County
 - 
Democratic Party




Democratic Representative in Congress


14th Congressional District


Vote for 1","Assembly District 79","Manually Counted Emergency",0,"Total Ballots",59,"Less - Inapplicable Federal/Special Presidential Ballots",0,"Total Applicable Ballots",59,,,"Unrecorded",1,,,"We certify this statement to be correct, and have caused the same to be attested by the signatures of the members of the board, or a majority thereof, on Tuesday, July 14, 2026.","Secretary","Chairman","Deputy Chief Clerk","Canvassing Board","Canvassing Board","Deputy Chief Clerk","Page -1 of 1"
,,"Statement and Return Report

for Certification



Primary Election 2026 - 06/23/2026


Bronx County
 - 
Democratic Party




Democratic Representative in Congress


14th Congressional District


Vote for 1","Assembly District 79","Absentee / Military",5,"Total Ballots",59,"Less - Inapplicable Federal/Special Presidential Ballots",0,"Total Applicable Ballots",59,,,"Unrecorded",1,,,"We certify this statement to be correct, and have caused the same to be attested by the signatures of the members of the board, or a majority thereof, on Tuesday, July 14, 2026.","Secretary","Chairman","Deputy Chief Clerk","Canvassing Board","Canvassing Board","Deputy Chief Clerk","Page -1 of 1"
,,"Statement and Return Report

for Certification



Primary Election 2026 - 06/23/2026


Bronx County
 - 
Democratic Party




Democratic Representative in Congress


14th Congressional District


Vote for 1","Assembly District 79","Federal",0,"Total Ballots",59,"Less - Inapplicable Federal/Special Presidential Ballots",0,"Total Applicable Ballots",59,,,"Unrecorded",1,,,"We certify this statement to be correct, and have caused the same to be attested by the signatures of the members of the board, or a majority thereof, on Tuesday, July 14, 2026.","Secretary","Chairman","Deputy Chief Clerk","Canvassing Board","Canvassing Board","Deputy Chief Clerk","Page -1 of 1"
,,"Statement and Return Report

for Certification



Primary Election 2026 - 06/23/2026


Bronx County
 - 
Democratic Party




Democratic Representative in Congress


14th Congressional District


Vote for 1","Assembly District 79","Affidavit",1,"Total Ballots",59,"Less - Inapplicable Federal/Special Presidential Ballots",0,"Total Applicable Ballots",59,,,"Unrecorded",1,,,"We certify this statement to be correct, and have caused the same to be attested by the signatures of the members of the board, or a majority thereof, on Tuesday, July 14, 2026.","Secretary","Chairman","Deputy Chief Clerk","Canvassing Board","Canvassing Board","Deputy Chief Clerk","Page -1 of 1"
,,"Statement and Return Report

for Certification



Primary Election 2026 - 06/23/2026


Bronx County
 - 
Democratic Party




Democratic Representative in Congress


14th Congressional District


Vote for 1","Assembly District 79","Alexandria Ocasio-Cortez",46,,,,,,,"Total Votes",58,"Unrecorded",1,,,"We certify this statement to be correct, and have caused the same to be attested by the signatures of the members of the board, or a majority thereof, on Tuesday, July 14, 2026.","Secretary","Chairman","Deputy Chief Clerk","Canvassing Board","Canvassing Board","Deputy Chief Clerk","Page -1 of 1"
,,"Statement and Return Report

for Certification



Primary Election 2026 - 06/23/2026


Bronx County
 - 
Democratic Party




Democratic Representative in Congress


14th Congressional District


Vote for 1","Assembly District 79","Felipe Garcia",12,,,,,,,"Total Votes",58,"Unrecorded",1,,,"We certify this statement to be correct, and have caused the same to be attested by the signatures of the members of the board, or a majority thereof, on Tuesday, July 14, 2026.","Secretary","Chairman","Deputy Chief Clerk","Canvassing Board","Canvassing Board","Deputy Chief Clerk","Page -1 of 1"
,,"Statement and Return Report

for Certification



Primary Election 2026 - 06/23/2026


Bronx County
 - 
Democratic Party




Democratic Representative in Congress


14th Congressional District


Vote for 1","Assembly District 79","Marty Dolan",0,,,,,,,"Total Votes",58,"Unrecorded",1,,,"We certify this statement to be correct, and have caused the same to be attested by the signatures of the members of the board, or a majority thereof, on Tuesday, July 14, 2026.","Secretary","Chairman","Deputy Chief Clerk","Canvassing Board","Canvassing Board","Deputy Chief Clerk","Page -1 of 1"
,,"Statement and Return Report

for Certification



Primary Election 2026 - 06/23/2026


Bronx County
 - 
Democratic Party




Democratic Representative in Congress


14th Congressional District


Vote for 1","Assembly District 80","Public Counter",410,"Total Ballots",521,"Less - Inapplicable Federal/Special Presidential Ballots",0,"Total Applicable Ballots",521,,,"Unrecorded",5,,,"We certify this statement to be correct, and have caused the same to be attested by the signatures of the members of the board, or a majority thereof, on Tuesday, July 14, 2026.","Secretary","Chairman","Deputy Chief Clerk","Canvassing Board","Canvassing Board","Deputy Chief Clerk","Page -1 of 1"
,,"Statement and Return Report

for Certification



Primary Election 2026 - 06/23/2026


Bronx County
 - 
Democratic Party




Democratic Representative in Congress


14th Congressional District


Vote for 1","Assembly District 80","Manually Counted Emergency",0,"Total Ballots",521,"Less - Inapplicable Federal/Special Presidential Ballots",0,"Total Applicable Ballots",521,,,"Unrecorded",5,,,"We certify this statement to be correct, and have caused the same to be attested by the signatures of the members of the board, or a majority thereof, on Tuesday, July 14, 2026.","Secretary","Chairman","Deputy Chief Clerk","Canvassing Board","Canvassing Board","Deputy Chief Clerk","Page -1 of 1"
,,"Statement and Return Report

for Certification



Primary Election 2026 - 06/23/2026


Bronx County
 - 
Democratic Party




Democratic Representative in Congress


14th Congressional District


Vote for 1","Assembly District 80","Absentee / Military",110,"Total Ballots",521,"Less - Inapplicable Federal/Special Presidential Ballots",0,"Total Applicable Ballots",521,,,"Unrecorded",5,,,"We certify this statement to be correct, and have caused the same to be attested by the signatures of the members of the board, or a majority thereof, on Tuesday, July 14, 2026.","Secretary","Chairman","Deputy Chief Clerk","Canvassing Board","Canvassing Board","Deputy Chief Clerk","Page -1 of 1"
,,"Statement and Return Report

for Certification



Primary Election 2026 - 06/23/2026


Bronx County
 - 
Democratic Party




Democratic Representative in Congress


14th Congressional District


Vote for 1","Assembly District 80","Federal",0,"Total Ballots",521,"Less - Inapplicable Federal/Special Presidential Ballots",0,"Total Applicable Ballots",521,,,"Unrecorded",5,,,"We certify this statement to be correct, and have caused the same to be attested by the signatures of the members of the board, or a majority thereof, on Tuesday, July 14, 2026.","Secretary","Chairman","Deputy Chief Clerk","Canvassing Board","Canvassing Board","Deputy Chief Clerk","Page -1 of 1"
,,"Statement and Return Report

for Certification



Primary Election 2026 - 06/23/2026


Bronx County
 - 
Democratic Party




Democratic Representative in Congress


14th Congressional District


Vote for 1","Assembly District 80","Affidavit",1,"Total Ballots",521,"Less - Inapplicable Federal/Special Presidential Ballots",0,"Total Applicable Ballots",521,,,"Unrecorded",5,,,"We certify this statement to be correct, and have caused the same to be attested by the signatures of the members of the board, or a majority thereof, on Tuesday, July 14, 2026.","Secretary","Chairman","Deputy Chief Clerk","Canvassing Board","Canvassing Board","Deputy Chief Clerk","Page -1 of 1"
,,"Statement and Return Report

for Certification



Primary Election 2026 - 06/23/2026


Bronx County
 - 
Democratic Party




Democratic Representative in Congress


14th Congressional District


Vote for 1","Assembly District 80","Alexandria Ocasio-Cortez",436,,,,,,,"Total Votes",516,"Unrecorded",5,,,"We certify this statement to be correct, and have caused the same to be attested by the signatures of the members of the board, or a majority thereof, on Tuesday, July 14, 2026.","Secretary","Chairman","Deputy Chief Clerk","Canvassing Board","Canvassing Board","Deputy Chief Clerk","Page -1 of 1"
,,"Statement and Return Report

for Certification



Primary Election 2026 - 06/23/2026


Bronx County
 - 
Democratic Party




Democratic Representative in Congress


14th Congressional District


Vote for 1","Assembly District 80","Felipe Garcia",32,,,,,,,"Total Votes",516,"Unrecorded",5,,,"We certify this statement to be correct, and have caused the same to be attested by the signatures of the members of the board, or a majority thereof, on Tuesday, July 14, 2026.","Secretary","Chairman","Deputy Chief Clerk","Canvassing Board","Canvassing Board","Deputy Chief Clerk","Page -1 of 1"
,,"Statement and Return Report

for Certification



Primary Election 2026 - 06/23/2026


Bronx County
 - 
Democratic Party




Democratic Representative in Congress


14th Congressional District


Vote for 1","Assembly District 80","Marty Dolan",43,,,,,,,"Total Votes",516,"Unrecorded",5,,,"We certify this statement to be correct, and have caused the same to be attested by the signatures of the members of the board, or a majority thereof, on Tuesday, July 14, 2026.","Secretary","Chairman","Deputy Chief Clerk","Canvassing Board","Canvassing Board","Deputy Chief Clerk","Page -1 of 1"
,,"Statement and Return Report

for Certification



Primary Election 2026 - 06/23/2026


Bronx County
 - 
Democratic Party




Democratic Representative in Congress


14th Congressional District


Vote for 1","Assembly District 80","ADRIANO ESPAILLAT (Write-In)",2,,,,,,,"Total Votes",516,"Unrecorded",5,,,"We certify this statement to be correct, and have caused the same to be attested by the signatures of the members of the board, or a majority thereof, on Tuesday, July 14, 2026.","Secretary","Chairman","Deputy Chief Clerk","Canvassing Board","Canvassing Board","Deputy Chief Clerk","Page -1 of 1"
,,"Statement and Return Report

for Certification



Primary Election 2026 - 06/23/2026


Bronx County
 - 
Democratic Party




Democratic Representative in Congress


14th Congressional District


Vote for 1","Assembly District 80","MARK GIJONAJ (Write-In)",1,,,,,,,"Total Votes",516,"Unrecorded",5,,,"We certify this statement to be correct, and have caused the same to be attested by the signatures of the members of the board, or a majority thereof, on Tuesday, July 14, 2026.","Secretary","Chairman","Deputy Chief Clerk","Canvassing Board","Canvassing Board","Deputy Chief Clerk","Page -1 of 1"
,,"Statement and Return Report

for Certification



Primary Election 2026 - 06/23/2026


Bronx County
 - 
Democratic Party




Democratic Representative in Congress


14th Congressional District


Vote for 1","Assembly District 80","UNATTRIBUTABLE WRITE-IN (Write-In)",2,,,,,,,"Total Votes",516,"Unrecorded",5,,,"We certify this statement to be correct, and have caused the same to be attested by the signatures of the members of the board, or a majority thereof, on Tuesday, July 14, 2026.","Secretary","Chairman","Deputy Chief Clerk","Canvassing Board","Canvassing Board","Deputy Chief Clerk","Page -1 of 1"
,,"Statement and Return Report

for Certification



Primary Election 2026 - 06/23/2026


Bronx County
 - 
Democratic Party




Democratic Representative in Congress


14th Congressional District


Vote for 1","Assembly District 82","Public Counter","3,230","Total Ballots","3,526","Less - Inapplicable Federal/Special Presidential Ballots",0,"Total Applicable Ballots","3,526",,,"Unrecorded",47,,,"We certify this statement to be correct, and have caused the same to be attested by the signatures of the members of the board, or a majority thereof, on Tuesday, July 14, 2026.","Secretary","Chairman","Deputy Chief Clerk","Canvassing Board","Canvassing Board","Deputy Chief Clerk","Page -1 of 1"
,,"Statement and Return Report

for Certification



Primary Election 2026 - 06/23/2026


Bronx County
 - 
Democratic Party




Democratic Representative in Congress


14th Congressional District


Vote for 1","Assembly District 82","Manually Counted Emergency",0,"Total Ballots","3,526","Less - Inapplicable Federal/Special Presidential Ballots",0,"Total Applicable Ballots","3,526",,,"Unrecorded",47,,,"We certify this statement to be correct, and have caused the same to be attested by the signatures of the members of the board, or a majority thereof, on Tuesday, July 14, 2026.","Secretary","Chairman","Deputy Chief Clerk","Canvassing Board","Canvassing Board","Deputy Chief Clerk","Page -1 of 1"
,,"Statement and Return Report

for Certification



Primary Election 2026 - 06/23/2026


Bronx County
 - 
Democratic Party




Democratic Representative in Congress


14th Congressional District


Vote for 1","Assembly District 82","Absentee / Military",273,"Total Ballots","3,526","Less - Inapplicable Federal/Special Presidential Ballots",0,"Total Applicable Ballots","3,526",,,"Unrecorded",47,,,"We certify this statement to be correct, and have caused the same to be attested by the signatures of the members of the board, or a majority thereof, on Tuesday, July 14, 2026.","Secretary","Chairman","Deputy Chief Clerk","Canvassing Board","Canvassing Board","Deputy Chief Clerk","Page -1 of 1"
,,"Statement and Return Report

for Certification



Primary Election 2026 - 06/23/2026


Bronx County
 - 
Democratic Party




Democratic Representative in Congress


14th Congressional District


Vote for 1","Assembly District 82","Federal",7,"Total Ballots","3,526","Less - Inapplicable Federal/Special Presidential Ballots",0,"Total Applicable Ballots","3,526",,,"Unrecorded",47,,,"We certify this statement to be correct, and have caused the same to be attested by the signatures of the members of the board, or a majority thereof, on Tuesday, July 14, 2026.","Secretary","Chairman","Deputy Chief Clerk","Canvassing Board","Canvassing Board","Deputy Chief Clerk","Page -1 of 1"
,,"Statement and Return Report

for Certification



Primary Election 2026 - 06/23/2026


Bronx County
 - 
Democratic Party




Democratic Representative in Congress


14th Congressional District


Vote for 1","Assembly District 82","Affidavit",16,"Total Ballots","3,526","Less - Inapplicable Federal/Special Presidential Ballots",0,"Total Applicable Ballots","3,526",,,"Unrecorded",47,,,"We certify this statement to be correct, and have caused the same to be attested by the signatures of the members of the board, or a majority thereof, on Tuesday, July 14, 2026.","Secretary","Chairman","Deputy Chief Clerk","Canvassing Board","Canvassing Board","Deputy Chief Clerk","Page -1 of 1"
,,"Statement and Return Report

for Certification



Primary Election 2026 - 06/23/2026


Bronx County
 - 
Democratic Party




Democratic Representative in Congress


14th Congressional District


Vote for 1","Assembly District 82","Alexandria Ocasio-Cortez","2,577",,,,,,,"Total Votes","3,479","Unrecorded",47,,,"We certify this statement to be correct, and have caused the same to be attested by the signatures of the members of the board, or a majority thereof, on Tuesday, July 14, 2026.","Secretary","Chairman","Deputy Chief Clerk","Canvassing Board","Canvassing Board","Deputy Chief Clerk","Page -1 of 1"
,,"Statement and Return Report

for Certification



Primary Election 2026 - 06/23/2026


Bronx County
 - 
Democratic Party




Democratic Representative in Congress


14th Congressional District


Vote for 1","Assembly District 82","Felipe Garcia",347,,,,,,,"Total Votes","3,479","Unrecorded",47,,,"We certify this statement to be correct, and have caused the same to be attested by the signatures of the members of the board, or a majority thereof, on Tuesday, July 14, 2026.","Secretary","Chairman","Deputy Chief Clerk","Canvassing Board","Canvassing Board","Deputy Chief Clerk","Page -1 of 1"
,,"Statement and Return Report

for Certification



Primary Election 2026 - 06/23/2026


Bronx County
 - 
Democratic Party




Democratic Representative in Congress


14th Congressional District


Vote for 1","Assembly District 82","Marty Dolan",539,,,,,,,"Total Votes","3,479","Unrecorded",47,,,"We certify this statement to be correct, and have caused the same to be attested by the signatures of the members of the board, or a majority thereof, on Tuesday, July 14, 2026.","Secretary","Chairman","Deputy Chief Clerk","Canvassing Board","Canvassing Board","Deputy Chief Clerk","Page -1 of 1"
,,"Statement and Return Report

for Certification



Primary Election 2026 - 06/23/2026


Bronx County
 - 
Democratic Party




Democratic Representative in Congress


14th Congressional District


Vote for 1","Assembly District 82","ADRIANO ESPAILLAT (Write-In)",1,,,,,,,"Total Votes","3,479","Unrecorded",47,,,"We certify this statement to be correct, and have caused the same to be attested by the signatures of the members of the board, or a majority thereof, on Tuesday, July 14, 2026.","Secretary","Chairman","Deputy Chief Clerk","Canvassing Board","Canvassing Board","Deputy Chief Clerk","Page -1 of 1"
,,"Statement and Return Report

for Certification



Primary Election 2026 - 06/23/2026


Bronx County
 - 
Democratic Party




Democratic Representative in Congress


14th Congressional District


Vote for 1","Assembly District 82","BRENDA CANDELARIA (Write-In)",1,,,,,,,"Total Votes","3,479","Unrecorded",47,,,"We certify this statement to be correct, and have caused the same to be attested by the signatures of the members of the board, or a majority thereof, on Tuesday, July 14, 2026.","Secretary","Chairman","Deputy Chief Clerk","Canvassing Board","Canvassing Board","Deputy Chief Clerk","Page -1 of 1"
,,"Statement and Return Report

for Certification



Primary Election 2026 - 06/23/2026


Bronx County
 - 
Democratic Party




Democratic Representative in Congress


14th Congressional District


Vote for 1","Assembly District 82","HALEY SASBON (Write-In)",1,,,,,,,"Total Votes","3,479","Unrecorded",47,,,"We certify this statement to be correct, and have caused the same to be attested by the signatures of the members of the board, or a majority thereof, on Tuesday, July 14, 2026.","Secretary","Chairman","Deputy Chief Clerk","Canvassing Board","Canvassing Board","Deputy Chief Clerk","Page -1 of 1"
,,"Statement and Return Report

for Certification



Primary Election 2026 - 06/23/2026


Bronx County
 - 
Democratic Party




Democratic Representative in Congress


14th Congressional District


Vote for 1","Assembly District 82","JOHN DOYLE (Write-In)",1,,,,,,,"Total Votes","3,479","Unrecorded",47,,,"We certify this statement to be correct, and have caused the same to be attested by the signatures of the members of the board, or a majority thereof, on Tuesday, July 14, 2026.","Secretary","Chairman","Deputy Chief Clerk","Canvassing Board","Canvassing Board","Deputy Chief Clerk","Page -1 of 1"
,,"Statement and Return Report

for Certification



Primary Election 2026 - 06/23/2026


Bronx County
 - 
Democratic Party




Democratic Representative in Congress


14th Congressional District


Vote for 1","Assembly District 82","JOSE VEGA (Write-In)",1,,,,,,,"Total Votes","3,479","Unrecorded",47,,,"We certify this statement to be correct, and have caused the same to be attested by the signatures of the members of the board, or a majority thereof, on Tuesday, July 14, 2026.","Secretary","Chairman","Deputy Chief Clerk","Canvassing Board","Canvassing Board","Deputy Chief Clerk","Page -1 of 1"
,,"Statement and Return Report

for Certification



Primary Election 2026 - 06/23/2026


Bronx County
 - 
Democratic Party




Democratic Representative in Congress


14th Congressional District


Vote for 1","Assembly District 82","JOSEPH MCMANUS (Write-In)",1,,,,,,,"Total Votes","3,479","Unrecorded",47,,,"We certify this statement to be correct, and have caused the same to be attested by the signatures of the members of the board, or a majority thereof, on Tuesday, July 14, 2026.","Secretary","Chairman","Deputy Chief Clerk","Canvassing Board","Canvassing Board","Deputy Chief Clerk","Page -1 of 1"
,,"Statement and Return Report

for Certification



Primary Election 2026 - 06/23/2026


Bronx County
 - 
Democratic Party




Democratic Representative in Congress


14th Congressional District


Vote for 1","Assembly District 82","ROSE SCOTT (Write-In)",1,,,,,,,"Total Votes","3,479","Unrecorded",47,,,"We certify this statement to be correct, and have caused the same to be attested by the signatures of the members of the board, or a majority thereof, on Tuesday, July 14, 2026.","Secretary","Chairman","Deputy Chief Clerk","Canvassing Board","Canvassing Board","Deputy Chief Clerk","Page -1 of 1"
,,"Statement and Return Report

for Certification



Primary Election 2026 - 06/23/2026


Bronx County
 - 
Democratic Party




Democratic Representative in Congress


14th Congressional District


Vote for 1","Assembly District 82","UNATTRIBUTABLE WRITE-IN (Write-In)",9,,,,,,,"Total Votes","3,479","Unrecorded",47,,,"We certify this statement to be correct, and have caused the same to be attested by the signatures of the members of the board, or a majority thereof, on Tuesday, July 14, 2026.","Secretary","Chairman","Deputy Chief Clerk","Canvassing Board","Canvassing Board","Deputy Chief Clerk","Page -1 of 1"
,,"Statement and Return Report

for Certification



Primary Election 2026 - 06/23/2026


Bronx County
 - 
Democratic Party




Democratic Representative in Congress


14th Congressional District


Vote for 1","Assembly District 83","Public Counter",0,"Total Ballots",0,"Less - Inapplicable Federal/Special Presidential Ballots",0,"Total Applicable Ballots",0,,,,,,,"We certify this statement to be correct, and have caused the same to be attested by the signatures of the members of the board, or a majority thereof, on Tuesday, July 14, 2026.","Secretary","Chairman","Deputy Chief Clerk","Canvassing Board","Canvassing Board","Deputy Chief Clerk","Page -1 of 1"
,,"Statement and Return Report

for Certification



Primary Election 2026 - 06/23/2026


Bronx County
 - 
Democratic Party




Democratic Representative in Congress


14th Congressional District


Vote for 1","Assembly District 83","Manually Counted Emergency",0,"Total Ballots",0,"Less - Inapplicable Federal/Special Presidential Ballots",0,"Total Applicable Ballots",0,,,,,,,"We certify this statement to be correct, and have caused the same to be attested by the signatures of the members of the board, or a majority thereof, on Tuesday, July 14, 2026.","Secretary","Chairman","Deputy Chief Clerk","Canvassing Board","Canvassing Board","Deputy Chief Clerk","Page -1 of 1"
,,"Statement and Return Report

for Certification



Primary Election 2026 - 06/23/2026


Bronx County
 - 
Democratic Party




Democratic Representative in Congress


14th Congressional District


Vote for 1","Assembly District 83","Absentee / Military",0,"Total Ballots",0,"Less - Inapplicable Federal/Special Presidential Ballots",0,"Total Applicable Ballots",0,,,,,,,"We certify this statement to be correct, and have caused the same to be attested by the signatures of the members of the board, or a majority thereof, on Tuesday, July 14, 2026.","Secretary","Chairman","Deputy Chief Clerk","Canvassing Board","Canvassing Board","Deputy Chief Clerk","Page -1 of 1"
,,"Statement and Return Report

for Certification



Primary Election 2026 - 06/23/2026


Bronx County
 - 
Democratic Party




Democratic Representative in Congress


14th Congressional District


Vote for 1","Assembly District 83","Federal",0,"Total Ballots",0,"Less - Inapplicable Federal/Special Presidential Ballots",0,"Total Applicable Ballots",0,,,,,,,"We certify this statement to be correct, and have caused the same to be attested by the signatures of the members of the board, or a majority thereof, on Tuesday, July 14, 2026.","Secretary","Chairman","Deputy Chief Clerk","Canvassing Board","Canvassing Board","Deputy Chief Clerk","Page -1 of 1"
,,"Statement and Return Report

for Certification



Primary Election 2026 - 06/23/2026


Bronx County
 - 
Democratic Party




Democratic Representative in Congress


14th Congressional District


Vote for 1","Assembly District 83","Affidavit",0,"Total Ballots",0,"Less - Inapplicable Federal/Special Presidential Ballots",0,"Total Applicable Ballots",0,,,,,,,"We certify this statement to be correct, and have caused the same to be attested by the signatures of the members of the board, or a majority thereof, on Tuesday, July 14, 2026.","Secretary","Chairman","Deputy Chief Clerk","Canvassing Board","Canvassing Board","Deputy Chief Clerk","Page -1 of 1"
,,"Statement and Return Report

for Certification



Primary Election 2026 - 06/23/2026


Bronx County
 - 
Democratic Party




Democratic Representative in Congress


14th Congressional District


Vote for 1","Assembly District 83","Alexandria Ocasio-Cortez",0,,,,,,,"Total Votes",0,,,,,"We certify this statement to be correct, and have caused the same to be attested by the signatures of the members of the board, or a majority thereof, on Tuesday, July 14, 2026.","Secretary","Chairman","Deputy Chief Clerk","Canvassing Board","Canvassing Board","Deputy Chief Clerk","Page -1 of 1"
,,"Statement and Return Report

for Certification



Primary Election 2026 - 06/23/2026


Bronx County
 - 
Democratic Party




Democratic Representative in Congress


14th Congressional District


Vote for 1","Assembly District 83","Felipe Garcia",0,,,,,,,"Total Votes",0,,,,,"We certify this statement to be correct, and have caused the same to be attested by the signatures of the members of the board, or a majority thereof, on Tuesday, July 14, 2026.","Secretary","Chairman","Deputy Chief Clerk","Canvassing Board","Canvassing Board","Deputy Chief Clerk","Page -1 of 1"
,,"Statement and Return Report

for Certification



Primary Election 2026 - 06/23/2026


Bronx County
 - 
Democratic Party




Democratic Representative in Congress


14th Congressional District


Vote for 1","Assembly District 83","Marty Dolan",0,,,,,,,"Total Votes",0,,,,,"We certify this statement to be correct, and have caused the same to be attested by the signatures of the members of the board, or a majority thereof, on Tuesday, July 14, 2026.","Secretary","Chairman","Deputy Chief Clerk","Canvassing Board","Canvassing Board","Deputy Chief Clerk","Page -1 of 1"
,,"Statement and Return Report

for Certification



Primary Election 2026 - 06/23/2026


Bronx County
 - 
Democratic Party




Democratic Representative in Congress


14th Congressional District


Vote for 1","Assembly District 84","Public Counter","1,431","Total Ballots","1,517","Less - Inapplicable Federal/Special Presidential Ballots",0,"Total Applicable Ballots","1,517",,,"Unrecorded",50,,,"We certify this statement to be correct, and have caused the same to be attested by the signatures of the members of the board, or a majority thereof, on Tuesday, July 14, 2026.","Secretary","Chairman","Deputy Chief Clerk","Canvassing Board","Canvassing Board","Deputy Chief Clerk","Page -1 of 1"
,,"Statement and Return Report

for Certification



Primary Election 2026 - 06/23/2026


Bronx County
 - 
Democratic Party




Democratic Representative in Congress


14th Congressional District


Vote for 1","Assembly District 84","Manually Counted Emergency",0,"Total Ballots","1,517","Less - Inapplicable Federal/Special Presidential Ballots",0,"Total Applicable Ballots","1,517",,,"Unrecorded",50,,,"We certify this statement to be correct, and have caused the same to be attested by the signatures of the members of the board, or a majority thereof, on Tuesday, July 14, 2026.","Secretary","Chairman","Deputy Chief Clerk","Canvassing Board","Canvassing Board","Deputy Chief Clerk","Page -1 of 1"
,,"Statement and Return Report

for Certification



Primary Election 2026 - 06/23/2026


Bronx County
 - 
Democratic Party




Democratic Representative in Congress


14th Congressional District


Vote for 1","Assembly District 84","Absentee / Military",79,"Total Ballots","1,517","Less - Inapplicable Federal/Special Presidential Ballots",0,"Total Applicable Ballots","1,517",,,"Unrecorded",50,,,"We certify this statement to be correct, and have caused the same to be attested by the signatures of the members of the board, or a majority thereof, on Tuesday, July 14, 2026.","Secretary","Chairman","Deputy Chief Clerk","Canvassing Board","Canvassing Board","Deputy Chief Clerk","Page -1 of 1"
,,"Statement and Return Report

for Certification



Primary Election 2026 - 06/23/2026


Bronx County
 - 
Democratic Party




Democratic Representative in Congress


14th Congressional District


Vote for 1","Assembly District 84","Federal",1,"Total Ballots","1,517","Less - Inapplicable Federal/Special Presidential Ballots",0,"Total Applicable Ballots","1,517",,,"Unrecorded",50,,,"We certify this statement to be correct, and have caused the same to be attested by the signatures of the members of the board, or a majority thereof, on Tuesday, July 14, 2026.","Secretary","Chairman","Deputy Chief Clerk","Canvassing Board","Canvassing Board","Deputy Chief Clerk","Page -1 of 1"
,,"Statement and Return Report

for Certification



Primary Election 2026 - 06/23/2026


Bronx County
 - 
Democratic Party




Democratic Representative in Congress


14th Congressional District


Vote for 1","Assembly District 84","Affidavit",6,"Total Ballots","1,517","Less - Inapplicable Federal/Special Presidential Ballots",0,"Total Applicable Ballots","1,517",,,"Unrecorded",50,,,"We certify this statement to be correct, and have caused the same to be attested by the signatures of the members of the board, or a majority thereof, on Tuesday, July 14, 2026.","Secretary","Chairman","Deputy Chief Clerk","Canvassing Board","Canvassing Board","Deputy Chief Clerk","Page -1 of 1"
,,"Statement and Return Report

for Certification



Primary Election 2026 - 06/23/2026


Bronx County
 - 
Democratic Party




Democratic Representative in Congress


14th Congressional District


Vote for 1","Assembly District 84","Alexandria Ocasio-Cortez","1,242",,,,,,,"Total Votes","1,467","Unrecorded",50,,,"We certify this statement to be correct, and have caused the same to be attested by the signatures of the members of the board, or a majority thereof, on Tuesday, July 14, 2026.","Secretary","Chairman","Deputy Chief Clerk","Canvassing Board","Canvassing Board","Deputy Chief Clerk","Page -1 of 1"
,,"Statement and Return Report

for Certification



Primary Election 2026 - 06/23/2026


Bronx County
 - 
Democratic Party




Democratic Representative in Congress


14th Congressional District


Vote for 1","Assembly District 84","Felipe Garcia",160,,,,,,,"Total Votes","1,467","Unrecorded",50,,,"We certify this statement to be correct, and have caused the same to be attested by the signatures of the members of the board, or a majority thereof, on Tuesday, July 14, 2026.","Secretary","Chairman","Deputy Chief Clerk","Canvassing Board","Canvassing Board","Deputy Chief Clerk","Page -1 of 1"
,,"Statement and Return Report

for Certification



Primary Election 2026 - 06/23/2026


Bronx County
 - 
Democratic Party




Democratic Representative in Congress


14th Congressional District


Vote for 1","Assembly District 84","Marty Dolan",62,,,,,,,"Total Votes","1,467","Unrecorded",50,,,"We certify this statement to be correct, and have caused the same to be attested by the signatures of the members of the board, or a majority thereof, on Tuesday, July 14, 2026.","Secretary","Chairman","Deputy Chief Clerk","Canvassing Board","Canvassing Board","Deputy Chief Clerk","Page -1 of 1"
,,"Statement and Return Report

for Certification



Primary Election 2026 - 06/23/2026


Bronx County
 - 
Democratic Party




Democratic Representative in Congress


14th Congressional District


Vote for 1","Assembly District 84","MARTY BADONSKY (Write-In)",1,,,,,,,"Total Votes","1,467","Unrecorded",50,,,"We certify this statement to be correct, and have caused the same to be attested by the signatures of the members of the board, or a majority thereof, on Tuesday, July 14, 2026.","Secretary","Chairman","Deputy Chief Clerk","Canvassing Board","Canvassing Board","Deputy Chief Clerk","Page -1 of 1"
,,"Statement and Return Report

for Certification



Primary Election 2026 - 06/23/2026


Bronx County
 - 
Democratic Party




Democratic Representative in Congress


14th Congressional District


Vote for 1","Assembly District 84","UNATTRIBUTABLE WRITE-IN (Write-In)",2,,,,,,,"Total Votes","1,467","Unrecorded",50,,,"We certify this statement to be correct, and have caused the same to be attested by the signatures of the members of the board, or a majority thereof, on Tuesday, July 14, 2026.","Secretary","Chairman","Deputy Chief Clerk","Canvassing Board","Canvassing Board","Deputy Chief Clerk","Page -1 of 1"
,,"Statement and Return Report

for Certification



Primary Election 2026 - 06/23/2026


Bronx County
 - 
Democratic Party




Democratic Representative in Congress


14th Congressional District


Vote for 1","Assembly District 85","Public Counter","3,302","Total Ballots","3,690","Less - Inapplicable Federal/Special Presidential Ballots",0,"Total Applicable Ballots","3,690",,,"Unrecorded",64,,,"We certify this statement to be correct, and have caused the same to be attested by the signatures of the members of the board, or a majority thereof, on Tuesday, July 14, 2026.","Secretary","Chairman","Deputy Chief Clerk","Canvassing Board","Canvassing Board","Deputy Chief Clerk","Page -1 of 1"
,,"Statement and Return Report

for Certification



Primary Election 2026 - 06/23/2026


Bronx County
 - 
Democratic Party




Democratic Representative in Congress


14th Congressional District


Vote for 1","Assembly District 85","Manually Counted Emergency",0,"Total Ballots","3,690","Less - Inapplicable Federal/Special Presidential Ballots",0,"Total Applicable Ballots","3,690",,,"Unrecorded",64,,,"We certify this statement to be correct, and have caused the same to be attested by the signatures of the members of the board, or a majority thereof, on Tuesday, July 14, 2026.","Secretary","Chairman","Deputy Chief Clerk","Canvassing Board","Canvassing Board","Deputy Chief Clerk","Page -1 of 1"
,,"Statement and Return Report

for Certification



Primary Election 2026 - 06/23/2026


Bronx County
 - 
Democratic Party




Democratic Representative in Congress


14th Congressional District


Vote for 1","Assembly District 85","Absentee / Military",368,"Total Ballots","3,690","Less - Inapplicable Federal/Special Presidential Ballots",0,"Total Applicable Ballots","3,690",,,"Unrecorded",64,,,"We certify this statement to be correct, and have caused the same to be attested by the signatures of the members of the board, or a majority thereof, on Tuesday, July 14, 2026.","Secretary","Chairman","Deputy Chief Clerk","Canvassing Board","Canvassing Board","Deputy Chief Clerk","Page -1 of 1"
,,"Statement and Return Report

for Certification



Primary Election 2026 - 06/23/2026


Bronx County
 - 
Democratic Party




Democratic Representative in Congress


14th Congressional District


Vote for 1","Assembly District 85","Federal",3,"Total Ballots","3,690","Less - Inapplicable Federal/Special Presidential Ballots",0,"Total Applicable Ballots","3,690",,,"Unrecorded",64,,,"We certify this statement to be correct, and have caused the same to be attested by the signatures of the members of the board, or a majority thereof, on Tuesday, July 14, 2026.","Secretary","Chairman","Deputy Chief Clerk","Canvassing Board","Canvassing Board","Deputy Chief Clerk","Page -1 of 1"
,,"Statement and Return Report

for Certification



Primary Election 2026 - 06/23/2026


Bronx County
 - 
Democratic Party




Democratic Representative in Congress


14th Congressional District


Vote for 1","Assembly District 85","Affidavit",17,"Total Ballots","3,690","Less - Inapplicable Federal/Special Presidential Ballots",0,"Total Applicable Ballots","3,690",,,"Unrecorded",64,,,"We certify this statement to be correct, and have caused the same to be attested by the signatures of the members of the board, or a majority thereof, on Tuesday, July 14, 2026.","Secretary","Chairman","Deputy Chief Clerk","Canvassing Board","Canvassing Board","Deputy Chief Clerk","Page -1 of 1"
,,"Statement and Return Report

for Certification



Primary Election 2026 - 06/23/2026


Bronx County
 - 
Democratic Party




Democratic Representative in Congress


14th Congressional District


Vote for 1","Assembly District 85","Alexandria Ocasio-Cortez","3,042",,,,,,,"Total Votes","3,626","Unrecorded",64,,,"We certify this statement to be correct, and have caused the same to be attested by the signatures of the members of the board, or a majority thereof, on Tuesday, July 14, 2026.","Secretary","Chairman","Deputy Chief Clerk","Canvassing Board","Canvassing Board","Deputy Chief Clerk","Page -1 of 1"
,,"Statement and Return Report

for Certification



Primary Election 2026 - 06/23/2026


Bronx County
 - 
Democratic Party




Democratic Representative in Congress


14th Congressional District


Vote for 1","Assembly District 85","Felipe Garcia",417,,,,,,,"Total Votes","3,626","Unrecorded",64,,,"We certify this statement to be correct, and have caused the same to be attested by the signatures of the members of the board, or a majority thereof, on Tuesday, July 14, 2026.","Secretary","Chairman","Deputy Chief Clerk","Canvassing Board","Canvassing Board","Deputy Chief Clerk","Page -1 of 1"
,,"Statement and Return Report

for Certification



Primary Election 2026 - 06/23/2026


Bronx County
 - 
Democratic Party




Democratic Representative in Congress


14th Congressional District


Vote for 1","Assembly District 85","Marty Dolan",136,,,,,,,"Total Votes","3,626","Unrecorded",64,,,"We certify this statement to be correct, and have caused the same to be attested by the signatures of the members of the board, or a majority thereof, on Tuesday, July 14, 2026.","Secretary","Chairman","Deputy Chief Clerk","Canvassing Board","Canvassing Board","Deputy Chief Clerk","Page -1 of 1"
,,"Statement and Return Report

for Certification



Primary Election 2026 - 06/23/2026


Bronx County
 - 
Democratic Party




Democratic Representative in Congress


14th Congressional District


Vote for 1","Assembly District 85","ADRIANO ESPAILLAT (Write-In)",8,,,,,,,"Total Votes","3,626","Unrecorded",64,,,"We certify this statement to be correct, and have caused the same to be attested by the signatures of the members of the board, or a majority thereof, on Tuesday, July 14, 2026.","Secretary","Chairman","Deputy Chief Clerk","Canvassing Board","Canvassing Board","Deputy Chief Clerk","Page -1 of 1"
,,"Statement and Return Report

for Certification



Primary Election 2026 - 06/23/2026


Bronx County
 - 
Democratic Party




Democratic Representative in Congress


14th Congressional District


Vote for 1","Assembly District 85","ADRIANO ESPIALLAT (Write-In)",4,,,,,,,"Total Votes","3,626","Unrecorded",64,,,"We certify this statement to be correct, and have caused the same to be attested by the signatures of the members of the board, or a majority thereof, on Tuesday, July 14, 2026.","Secretary","Chairman","Deputy Chief Clerk","Canvassing Board","Canvassing Board","Deputy Chief Clerk","Page -1 of 1"
,,"Statement and Return Report

for Certification



Primary Election 2026 - 06/23/2026


Bronx County
 - 
Democratic Party




Democratic Representative in Congress


14th Congressional District


Vote for 1","Assembly District 85","CP JAKIR (Write-In)",1,,,,,,,"Total Votes","3,626","Unrecorded",64,,,"We certify this statement to be correct, and have caused the same to be attested by the signatures of the members of the board, or a majority thereof, on Tuesday, July 14, 2026.","Secretary","Chairman","Deputy Chief Clerk","Canvassing Board","Canvassing Board","Deputy Chief Clerk","Page -1 of 1"
,,"Statement and Return Report

for Certification



Primary Election 2026 - 06/23/2026


Bronx County
 - 
Democratic Party




Democratic Representative in Congress


14th Congressional District


Vote for 1","Assembly District 85","MARTY DOLAN (Write-In)",1,,,,,,,"Total Votes","3,626","Unrecorded",64,,,"We certify this statement to be correct, and have caused the same to be attested by the signatures of the members of the board, or a majority thereof, on Tuesday, July 14, 2026.","Secretary","Chairman","Deputy Chief Clerk","Canvassing Board","Canvassing Board","Deputy Chief Clerk","Page -1 of 1"
,,"Statement and Return Report

for Certification



Primary Election 2026 - 06/23/2026


Bronx County
 - 
Democratic Party




Democratic Representative in Congress


14th Congressional District


Vote for 1","Assembly District 85","MICHAEL BLAKE (Write-In)",1,,,,,,,"Total Votes","3,626","Unrecorded",64,,,"We certify this statement to be correct, and have caused the same to be attested by the signatures of the members of the board, or a majority thereof, on Tuesday, July 14, 2026.","Secretary","Chairman","Deputy Chief Clerk","Canvassing Board","Canvassing Board","Deputy Chief Clerk","Page -1 of 1"
,,"Statement and Return Report

for Certification



Primary Election 2026 - 06/23/2026


Bronx County
 - 
Democratic Party




Democratic Representative in Congress


14th Congressional District


Vote for 1","Assembly District 85","NOEEM FOLANIGO (Write-In)",1,,,,,,,"Total Votes","3,626","Unrecorded",64,,,"We certify this statement to be correct, and have caused the same to be attested by the signatures of the members of the board, or a majority thereof, on Tuesday, July 14, 2026.","Secretary","Chairman","Deputy Chief Clerk","Canvassing Board","Canvassing Board","Deputy Chief Clerk","Page -1 of 1"
,,"Statement and Return Report

for Certification



Primary Election 2026 - 06/23/2026


Bronx County
 - 
Democratic Party




Democratic Representative in Congress


14th Congressional District


Vote for 1","Assembly District 85","RAZINES REYES (Write-In)",1,,,,,,,"Total Votes","3,626","Unrecorded",64,,,"We certify this statement to be correct, and have caused the same to be attested by the signatures of the members of the board, or a majority thereof, on Tuesday, July 14, 2026.","Secretary","Chairman","Deputy Chief Clerk","Canvassing Board","Canvassing Board","Deputy Chief Clerk","Page -1 of 1"
,,"Statement and Return Report

for Certification



Primary Election 2026 - 06/23/2026


Bronx County
 - 
Democratic Party




Democratic Representative in Congress


14th Congressional District


Vote for 1","Assembly District 85","RITCHIE TORRES (Write-In)",3,,,,,,,"Total Votes","3,626","Unrecorded",64,,,"We certify this statement to be correct, and have caused the same to be attested by the signatures of the members of the board, or a majority thereof, on Tuesday, July 14, 2026.","Secretary","Chairman","Deputy Chief Clerk","Canvassing Board","Canvassing Board","Deputy Chief Clerk","Page -1 of 1"
,,"Statement and Return Report

for Certification



Primary Election 2026 - 06/23/2026


Bronx County
 - 
Democratic Party




Democratic Representative in Congress


14th Congressional District


Vote for 1","Assembly District 85","SPENCER PRATT (Write-In)",1,,,,,,,"Total Votes","3,626","Unrecorded",64,,,"We certify this statement to be correct, and have caused the same to be attested by the signatures of the members of the board, or a majority thereof, on Tuesday, July 14, 2026.","Secretary","Chairman","Deputy Chief Clerk","Canvassing Board","Canvassing Board","Deputy Chief Clerk","Page -1 of 1"
,,"Statement and Return Report

for Certification



Primary Election 2026 - 06/23/2026


Bronx County
 - 
Democratic Party




Democratic Representative in Congress


14th Congressional District


Vote for 1","Assembly District 85","UNATTRIBUTABLE WRITE-IN (Write-In)",8,,,,,,,"Total Votes","3,626","Unrecorded",64,,,"We certify this statement to be correct, and have caused the same to be attested by the signatures of the members of the board, or a majority thereof, on Tuesday, July 14, 2026.","Secretary","Chairman","Deputy Chief Clerk","Canvassing Board","Canvassing Board","Deputy Chief Clerk","Page -1 of 1"
,,"Statement and Return Report

for Certification



Primary Election 2026 - 06/23/2026


Bronx County
 - 
Democratic Party




Democratic Representative in Congress


14th Congressional District


Vote for 1","Assembly District 85","ZAKIR CHOWDHURY (Write-In)",2,,,,,,,"Total Votes","3,626","Unrecorded",64,,,"We certify this statement to be correct, and have caused the same to be attested by the signatures of the members of the board, or a majority thereof, on Tuesday, July 14, 2026.","Secretary","Chairman","Deputy Chief Clerk","Canvassing Board","Canvassing Board","Deputy Chief Clerk","Page -1 of 1"
,,"Statement and Return Report

for Certification



Primary Election 2026 - 06/23/2026


Bronx County
 - 
Democratic Party




Democratic Representative in Congress


14th Congressional District


Vote for 1","Assembly District 87","Public Counter","5,060","Total Ballots","5,537","Less - Inapplicable Federal/Special Presidential Ballots",0,"Total Applicable Ballots","5,537",,,"Unrecorded",245,,,"We certify this statement to be correct, and have caused the same to be attested by the signatures of the members of the board, or a majority thereof, on Tuesday, July 14, 2026.","Secretary","Chairman","Deputy Chief Clerk","Canvassing Board","Canvassing Board","Deputy Chief Clerk","Page -1 of 1"
,,"Statement and Return Report

for Certification



Primary Election 2026 - 06/23/2026


Bronx County
 - 
Democratic Party




Democratic Representative in Congress


14th Congressional District


Vote for 1","Assembly District 87","Manually Counted Emergency",0,"Total Ballots","5,537","Less - Inapplicable Federal/Special Presidential Ballots",0,"Total Applicable Ballots","5,537",,,"Unrecorded",245,,,"We certify this statement to be correct, and have caused the same to be attested by the signatures of the members of the board, or a majority thereof, on Tuesday, July 14, 2026.","Secretary","Chairman","Deputy Chief Clerk","Canvassing Board","Canvassing Board","Deputy Chief Clerk","Page -1 of 1"
,,"Statement and Return Report

for Certification



Primary Election 2026 - 06/23/2026


Bronx County
 - 
Democratic Party




Democratic Representative in Congress


14th Congressional District


Vote for 1","Assembly District 87","Absentee / Military",425,"Total Ballots","5,537","Less - Inapplicable Federal/Special Presidential Ballots",0,"Total Applicable Ballots","5,537",,,"Unrecorded",245,,,"We certify this statement to be correct, and have caused the same to be attested by the signatures of the members of the board, or a majority thereof, on Tuesday, July 14, 2026.","Secretary","Chairman","Deputy Chief Clerk","Canvassing Board","Canvassing Board","Deputy Chief Clerk","Page -1 of 1"
,,"Statement and Return Report

for Certification



Primary Election 2026 - 06/23/2026


Bronx County
 - 
Democratic Party




Democratic Representative in Congress


14th Congressional District


Vote for 1","Assembly District 87","Federal",4,"Total Ballots","5,537","Less - Inapplicable Federal/Special Presidential Ballots",0,"Total Applicable Ballots","5,537",,,"Unrecorded",245,,,"We certify this statement to be correct, and have caused the same to be attested by the signatures of the members of the board, or a majority thereof, on Tuesday, July 14, 2026.","Secretary","Chairman","Deputy Chief Clerk","Canvassing Board","Canvassing Board","Deputy Chief Clerk","Page -1 of 1"
,,"Statement and Return Report

for Certification



Primary Election 2026 - 06/23/2026


Bronx County
 - 
Democratic Party




Democratic Representative in Congress


14th Congressional District


Vote for 1","Assembly District 87","Affidavit",48,"Total Ballots","5,537","Less - Inapplicable Federal/Special Presidential Ballots",0,"Total Applicable Ballots","5,537",,,"Unrecorded",245,,,"We certify this statement to be correct, and have caused the same to be attested by the signatures of the members of the board, or a majority thereof, on Tuesday, July 14, 2026.","Secretary","Chairman","Deputy Chief Clerk","Canvassing Board","Canvassing Board","Deputy Chief Clerk","Page -1 of 1"
,,"Statement and Return Report

for Certification



Primary Election 2026 - 06/23/2026


Bronx County
 - 
Democratic Party




Democratic Representative in Congress


14th Congressional District


Vote for 1","Assembly District 87","Alexandria Ocasio-Cortez","4,637",,,,,,,"Total Votes","5,292","Unrecorded",245,,,"We certify this statement to be correct, and have caused the same to be attested by the signatures of the members of the board, or a majority thereof, on Tuesday, July 14, 2026.","Secretary","Chairman","Deputy Chief Clerk","Canvassing Board","Canvassing Board","Deputy Chief Clerk","Page -1 of 1"
,,"Statement and Return Report

for Certification



Primary Election 2026 - 06/23/2026


Bronx County
 - 
Democratic Party




Democratic Representative in Congress


14th Congressional District


Vote for 1","Assembly District 87","Felipe Garcia",426,,,,,,,"Total Votes","5,292","Unrecorded",245,,,"We certify this statement to be correct, and have caused the same to be attested by the signatures of the members of the board, or a majority thereof, on Tuesday, July 14, 2026.","Secretary","Chairman","Deputy Chief Clerk","Canvassing Board","Canvassing Board","Deputy Chief Clerk","Page -1 of 1"
,,"Statement and Return Report

for Certification



Primary Election 2026 - 06/23/2026


Bronx County
 - 
Democratic Party




Democratic Representative in Congress


14th Congressional District


Vote for 1","Assembly District 87","Marty Dolan",214,,,,,,,"Total Votes","5,292","Unrecorded",245,,,"We certify this statement to be correct, and have caused the same to be attested by the signatures of the members of the board, or a majority thereof, on Tuesday, July 14, 2026.","Secretary","Chairman","Deputy Chief Clerk","Canvassing Board","Canvassing Board","Deputy Chief Clerk","Page -1 of 1"
,,"Statement and Return Report

for Certification



Primary Election 2026 - 06/23/2026


Bronx County
 - 
Democratic Party




Democratic Representative in Congress


14th Congressional District


Vote for 1","Assembly District 87","ADRIANO ESPAILLAT (Write-In)",1,,,,,,,"Total Votes","5,292","Unrecorded",245,,,"We certify this statement to be correct, and have caused the same to be attested by the signatures of the members of the board, or a majority thereof, on Tuesday, July 14, 2026.","Secretary","Chairman","Deputy Chief Clerk","Canvassing Board","Canvassing Board","Deputy Chief Clerk","Page -1 of 1"
,,"Statement and Return Report

for Certification



Primary Election 2026 - 06/23/2026


Bronx County
 - 
Democratic Party




Democratic Representative in Congress


14th Congressional District


Vote for 1","Assembly District 87","ADRIANO ESPIALLAT (Write-In)",2,,,,,,,"Total Votes","5,292","Unrecorded",245,,,"We certify this statement to be correct, and have caused the same to be attested by the signatures of the members of the board, or a majority thereof, on Tuesday, July 14, 2026.","Secretary","Chairman","Deputy Chief Clerk","Canvassing Board","Canvassing Board","Deputy Chief Clerk","Page -1 of 1"
,,"Statement and Return Report

for Certification



Primary Election 2026 - 06/23/2026


Bronx County
 - 
Democratic Party




Democratic Representative in Congress


14th Congressional District


Vote for 1","Assembly District 87","FRANK MINOZ (Write-In)",1,,,,,,,"Total Votes","5,292","Unrecorded",245,,,"We certify this statement to be correct, and have caused the same to be attested by the signatures of the members of the board, or a majority thereof, on Tuesday, July 14, 2026.","Secretary","Chairman","Deputy Chief Clerk","Canvassing Board","Canvassing Board","Deputy Chief Clerk","Page -1 of 1"
,,"Statement and Return Report

for Certification



Primary Election 2026 - 06/23/2026


Bronx County
 - 
Democratic Party




Democratic Representative in Congress


14th Congressional District


Vote for 1","Assembly District 87","JUJU ANTWI (Write-In)",1,,,,,,,"Total Votes","5,292","Unrecorded",245,,,"We certify this statement to be correct, and have caused the same to be attested by the signatures of the members of the board, or a majority thereof, on Tuesday, July 14, 2026.","Secretary","Chairman","Deputy Chief Clerk","Canvassing Board","Canvassing Board","Deputy Chief Clerk","Page -1 of 1"
,,"Statement and Return Report

for Certification



Primary Election 2026 - 06/23/2026


Bronx County
 - 
Democratic Party




Democratic Representative in Congress


14th Congressional District


Vote for 1","Assembly District 87","KARINES REYES (Write-In)",1,,,,,,,"Total Votes","5,292","Unrecorded",245,,,"We certify this statement to be correct, and have caused the same to be attested by the signatures of the members of the board, or a majority thereof, on Tuesday, July 14, 2026.","Secretary","Chairman","Deputy Chief Clerk","Canvassing Board","Canvassing Board","Deputy Chief Clerk","Page -1 of 1"
,,"Statement and Return Report

for Certification



Primary Election 2026 - 06/23/2026


Bronx County
 - 
Democratic Party




Democratic Representative in Congress


14th Congressional District


Vote for 1","Assembly District 87","MAGDAMARY MARCANO (Write-In)",1,,,,,,,"Total Votes","5,292","Unrecorded",245,,,"We certify this statement to be correct, and have caused the same to be attested by the signatures of the members of the board, or a majority thereof, on Tuesday, July 14, 2026.","Secretary","Chairman","Deputy Chief Clerk","Canvassing Board","Canvassing Board","Deputy Chief Clerk","Page -1 of 1"
,,"Statement and Return Report

for Certification



Primary Election 2026 - 06/23/2026


Bronx County
 - 
Democratic Party




Democratic Representative in Congress


14th Congressional District


Vote for 1","Assembly District 87","MICHAEL BLAKE (Write-In)",1,,,,,,,"Total Votes","5,292","Unrecorded",245,,,"We certify this statement to be correct, and have caused the same to be attested by the signatures of the members of the board, or a majority thereof, on Tuesday, July 14, 2026.","Secretary","Chairman","Deputy Chief Clerk","Canvassing Board","Canvassing Board","Deputy Chief Clerk","Page -1 of 1"
,,"Statement and Return Report

for Certification



Primary Election 2026 - 06/23/2026


Bronx County
 - 
Democratic Party




Democratic Representative in Congress


14th Congressional District


Vote for 1","Assembly District 87","RITCHIE TORRES (Write-In)",1,,,,,,,"Total Votes","5,292","Unrecorded",245,,,"We certify this statement to be correct, and have caused the same to be attested by the signatures of the members of the board, or a majority thereof, on Tuesday, July 14, 2026.","Secretary","Chairman","Deputy Chief Clerk","Canvassing Board","Canvassing Board","Deputy Chief Clerk","Page -1 of 1"
,,"Statement and Return Report

for Certification



Primary Election 2026 - 06/23/2026


Bronx County
 - 
Democratic Party




Democratic Representative in Congress


14th Congressional District


Vote for 1","Assembly District 87","STEVEN RIVERA (Write-In)",1,,,,,,,"Total Votes","5,292","Unrecorded",245,,,"We certify this statement to be correct, and have caused the same to be attested by the signatures of the members of the board, or a majority thereof, on Tuesday, July 14, 2026.","Secretary","Chairman","Deputy Chief Clerk","Canvassing Board","Canvassing Board","Deputy Chief Clerk","Page -1 of 1"
,,"Statement and Return Report

for Certification



Primary Election 2026 - 06/23/2026


Bronx County
 - 
Democratic Party




Democratic Representative in Congress


14th Congressional District


Vote for 1","Assembly District 87","UNATTRIBUTABLE WRITE-IN (Write-In)",5,,,,,,,"Total Votes","5,292","Unrecorded",245,,,"We certify this statement to be correct, and have caused the same to be attested by the signatures of the members of the board, or a majority thereof, on Tuesday, July 14, 2026.","Secretary","Chairman","Deputy Chief Clerk","Canvassing Board","Canvassing Board","Deputy Chief Clerk","Page -1 of 1"
,,"Statement and Return Report

for Certification



Primary Election 2026 - 06/23/2026


Bronx County
 - 
Democratic Party




Democratic Representative in Congress


14th Congressional District


Vote for 1","Total for Democratic Representative in Congress (14th Congressional District) - Bronx County","Public Counter","13,486","Total Ballots","14,850","Less - Inapplicable Federal/Special Presidential Ballots",0,"Total Applicable Ballots","14,850",,,"Unrecorded",412,,,"We certify this statement to be correct, and have caused the same to be attested by the signatures of the members of the board, or a majority thereof, on Tuesday, July 14, 2026.","Secretary","Chairman","Deputy Chief Clerk","Canvassing Board","Canvassing Board","Deputy Chief Clerk","Page -1 of 1"
,,"Statement and Return Report

for Certification



Primary Election 2026 - 06/23/2026


Bronx County
 - 
Democratic Party




Democratic Representative in Congress


14th Congressional District


Vote for 1","Total for Democratic Representative in Congress (14th Congressional District) - Bronx County","Manually Counted Emergency",0,"Total Ballots","14,850","Less - Inapplicable Federal/Special Presidential Ballots",0,"Total Applicable Ballots","14,850",,,"Unrecorded",412,,,"We certify this statement to be correct, and have caused the same to be attested by the signatures of the members of the board, or a majority thereof, on Tuesday, July 14, 2026.","Secretary","Chairman","Deputy Chief Clerk","Canvassing Board","Canvassing Board","Deputy Chief Clerk","Page -1 of 1"
,,"Statement and Return Report

for Certification



Primary Election 2026 - 06/23/2026


Bronx County
 - 
Democratic Party




Democratic Representative in Congress


14th Congressional District


Vote for 1","Total for Democratic Representative in Congress (14th Congressional District) - Bronx County","Absentee / Military","1,260","Total Ballots","14,850","Less - Inapplicable Federal/Special Presidential Ballots",0,"Total Applicable Ballots","14,850",,,"Unrecorded",412,,,"We certify this statement to be correct, and have caused the same to be attested by the signatures of the members of the board, or a majority thereof, on Tuesday, July 14, 2026.","Secretary","Chairman","Deputy Chief Clerk","Canvassing Board","Canvassing Board","Deputy Chief Clerk","Page -1 of 1"
,,"Statement and Return Report

for Certification



Primary Election 2026 - 06/23/2026


Bronx County
 - 
Democratic Party




Democratic Representative in Congress


14th Congressional District


Vote for 1","Total for Democratic Representative in Congress (14th Congressional District) - Bronx County","Federal",15,"Total Ballots","14,850","Less - Inapplicable Federal/Special Presidential Ballots",0,"Total Applicable Ballots","14,850",,,"Unrecorded",412,,,"We certify this statement to be correct, and have caused the same to be attested by the signatures of the members of the board, or a majority thereof, on Tuesday, July 14, 2026.","Secretary","Chairman","Deputy Chief Clerk","Canvassing Board","Canvassing Board","Deputy Chief Clerk","Page -1 of 1"
,,"Statement and Return Report

for Certification



Primary Election 2026 - 06/23/2026


Bronx County
 - 
Democratic Party




Democratic Representative in Congress


14th Congressional District


Vote for 1","Total for Democratic Representative in Congress (14th Congressional District) - Bronx County","Affidavit",89,"Total Ballots","14,850","Less - Inapplicable Federal/Special Presidential Ballots",0,"Total Applicable Ballots","14,850",,,"Unrecorded",412,,,"We certify this statement to be correct, and have caused the same to be attested by the signatures of the members of the board, or a majority thereof, on Tuesday, July 14, 2026.","Secretary","Chairman","Deputy Chief Clerk","Canvassing Board","Canvassing Board","Deputy Chief Clerk","Page -1 of 1"
,,"Statement and Return Report

for Certification



Primary Election 2026 - 06/23/2026


Bronx County
 - 
Democratic Party




Democratic Representative in Congress


14th Congressional District


Vote for 1","Total for Democratic Representative in Congress (14th Congressional District) - Bronx County","Alexandria Ocasio-Cortez","11,980",,,,,,,"Total Votes","14,438","Unrecorded",412,,,"We certify this statement to be correct, and have caused the same to be attested by the signatures of the members of the board, or a majority thereof, on Tuesday, July 14, 2026.","Secretary","Chairman","Deputy Chief Clerk","Canvassing Board","Canvassing Board","Deputy Chief Clerk","Page -1 of 1"
,,"Statement and Return Report

for Certification



Primary Election 2026 - 06/23/2026


Bronx County
 - 
Democratic Party




Democratic Representative in Congress


14th Congressional District


Vote for 1","Total for Democratic Representative in Congress (14th Congressional District) - Bronx County","Felipe Garcia","1,394",,,,,,,"Total Votes","14,438","Unrecorded",412,,,"We certify this statement to be correct, and have caused the same to be attested by the signatures of the members of the board, or a majority thereof, on Tuesday, July 14, 2026.","Secretary","Chairman","Deputy Chief Clerk","Canvassing Board","Canvassing Board","Deputy Chief Clerk","Page -1 of 1"
,,"Statement and Return Report

for Certification



Primary Election 2026 - 06/23/2026


Bronx County
 - 
Democratic Party




Democratic Representative in Congress


14th Congressional District


Vote for 1","Total for Democratic Representative in Congress (14th Congressional District) - Bronx County","Marty Dolan",994,,,,,,,"Total Votes","14,438","Unrecorded",412,,,"We certify this statement to be correct, and have caused the same to be attested by the signatures of the members of the board, or a majority thereof, on Tuesday, July 14, 2026.","Secretary","Chairman","Deputy Chief Clerk","Canvassing Board","Canvassing Board","Deputy Chief Clerk","Page -1 of 1"
,,"Statement and Return Report

for Certification



Primary Election 2026 - 06/23/2026


Bronx County
 - 
Democratic Party




Democratic Representative in Congress


14th Congressional District


Vote for 1","Total for Democratic Representative in Congress (14th Congressional District) - Bronx County","ADRIANO ESPAILLAT (Write-In)",12,,,,,,,"Total Votes","14,438","Unrecorded",412,,,"We certify this statement to be correct, and have caused the same to be attested by the signatures of the members of the board, or a majority thereof, on Tuesday, July 14, 2026.","Secretary","Chairman","Deputy Chief Clerk","Canvassing Board","Canvassing Board","Deputy Chief Clerk","Page -1 of 1"
,,"Statement and Return Report

for Certification



Primary Election 2026 - 06/23/2026


Bronx County
 - 
Democratic Party




Democratic Representative in Congress


14th Congressional District


Vote for 1","Total for Democratic Representative in Congress (14th Congressional District) - Bronx County","ADRIANO ESPIALLAT (Write-In)",6,,,,,,,"Total Votes","14,438","Unrecorded",412,,,"We certify this statement to be correct, and have caused the same to be attested by the signatures of the members of the board, or a majority thereof, on Tuesday, July 14, 2026.","Secretary","Chairman","Deputy Chief Clerk","Canvassing Board","Canvassing Board","Deputy Chief Clerk","Page -1 of 1"
,,"Statement and Return Report

for Certification



Primary Election 2026 - 06/23/2026


Bronx County
 - 
Democratic Party




Democratic Representative in Congress


14th Congressional District


Vote for 1","Total for Democratic Representative in Congress (14th Congressional District) - Bronx County","BRENDA CANDELARIA (Write-In)",1,,,,,,,"Total Votes","14,438","Unrecorded",412,,,"We certify this statement to be correct, and have caused the same to be attested by the signatures of the members of the board, or a majority thereof, on Tuesday, July 14, 2026.","Secretary","Chairman","Deputy Chief Clerk","Canvassing Board","Canvassing Board","Deputy Chief Clerk","Page -1 of 1"
,,"Statement and Return Report

for Certification



Primary Election 2026 - 06/23/2026


Bronx County
 - 
Democratic Party




Democratic Representative in Congress


14th Congressional District


Vote for 1","Total for Democratic Representative in Congress (14th Congressional District) - Bronx County","CP JAKIR (Write-In)",1,,,,,,,"Total Votes","14,438","Unrecorded",412,,,"We certify this statement to be correct, and have caused the same to be attested by the signatures of the members of the board, or a majority thereof, on Tuesday, July 14, 2026.","Secretary","Chairman","Deputy Chief Clerk","Canvassing Board","Canvassing Board","Deputy Chief Clerk","Page -1 of 1"
,,"Statement and Return Report

for Certification



Primary Election 2026 - 06/23/2026


Bronx County
 - 
Democratic Party




Democratic Representative in Congress


14th Congressional District


Vote for 1","Total for Democratic Representative in Congress (14th Congressional District) - Bronx County","FRANK MINOZ (Write-In)",1,,,,,,,"Total Votes","14,438","Unrecorded",412,,,"We certify this statement to be correct, and have caused the same to be attested by the signatures of the members of the board, or a majority thereof, on Tuesday, July 14, 2026.","Secretary","Chairman","Deputy Chief Clerk","Canvassing Board","Canvassing Board","Deputy Chief Clerk","Page -1 of 1"
,,"Statement and Return Report

for Certification



Primary Election 2026 - 06/23/2026


Bronx County
 - 
Democratic Party




Democratic Representative in Congress


14th Congressional District


Vote for 1","Total for Democratic Representative in Congress (14th Congressional District) - Bronx County","HALEY SASBON (Write-In)",1,,,,,,,"Total Votes","14,438","Unrecorded",412,,,"We certify this statement to be correct, and have caused the same to be attested by the signatures of the members of the board, or a majority thereof, on Tuesday, July 14, 2026.","Secretary","Chairman","Deputy Chief Clerk","Canvassing Board","Canvassing Board","Deputy Chief Clerk","Page -1 of 1"
,,"Statement and Return Report

for Certification



Primary Election 2026 - 06/23/2026


Bronx County
 - 
Democratic Party




Democratic Representative in Congress


14th Congressional District


Vote for 1","Total for Democratic Representative in Congress (14th Congressional District) - Bronx County","JOHN DOYLE (Write-In)",1,,,,,,,"Total Votes","14,438","Unrecorded",412,,,"We certify this statement to be correct, and have caused the same to be attested by the signatures of the members of the board, or a majority thereof, on Tuesday, July 14, 2026.","Secretary","Chairman","Deputy Chief Clerk","Canvassing Board","Canvassing Board","Deputy Chief Clerk","Page -1 of 1"
,,"Statement and Return Report

for Certification



Primary Election 2026 - 06/23/2026


Bronx County
 - 
Democratic Party




Democratic Representative in Congress


14th Congressional District


Vote for 1","Total for Democratic Representative in Congress (14th Congressional District) - Bronx County","JOSE VEGA (Write-In)",1,,,,,,,"Total Votes","14,438","Unrecorded",412,,,"We certify this statement to be correct, and have caused the same to be attested by the signatures of the members of the board, or a majority thereof, on Tuesday, July 14, 2026.","Secretary","Chairman","Deputy Chief Clerk","Canvassing Board","Canvassing Board","Deputy Chief Clerk","Page -1 of 1"
,,"Statement and Return Report

for Certification



Primary Election 2026 - 06/23/2026


Bronx County
 - 
Democratic Party




Democratic Representative in Congress


14th Congressional District


Vote for 1","Total for Democratic Representative in Congress (14th Congressional District) - Bronx County","JOSEPH MCMANUS (Write-In)",1,,,,,,,"Total Votes","14,438","Unrecorded",412,,,"We certify this statement to be correct, and have caused the same to be attested by the signatures of the members of the board, or a majority thereof, on Tuesday, July 14, 2026.","Secretary","Chairman","Deputy Chief Clerk","Canvassing Board","Canvassing Board","Deputy Chief Clerk","Page -1 of 1"
,,"Statement and Return Report

for Certification



Primary Election 2026 - 06/23/2026


Bronx County
 - 
Democratic Party




Democratic Representative in Congress


14th Congressional District


Vote for 1","Total for Democratic Representative in Congress (14th Congressional District) - Bronx County","JUJU ANTWI (Write-In)",1,,,,,,,"Total Votes","14,438","Unrecorded",412,,,"We certify this statement to be correct, and have caused the same to be attested by the signatures of the members of the board, or a majority thereof, on Tuesday, July 14, 2026.","Secretary","Chairman","Deputy Chief Clerk","Canvassing Board","Canvassing Board","Deputy Chief Clerk","Page -1 of 1"
,,"Statement and Return Report

for Certification



Primary Election 2026 - 06/23/2026


Bronx County
 - 
Democratic Party




Democratic Representative in Congress


14th Congressional District


Vote for 1","Total for Democratic Representative in Congress (14th Congressional District) - Bronx County","KARINES REYES (Write-In)",1,,,,,,,"Total Votes","14,438","Unrecorded",412,,,"We certify this statement to be correct, and have caused the same to be attested by the signatures of the members of the board, or a majority thereof, on Tuesday, July 14, 2026.","Secretary","Chairman","Deputy Chief Clerk","Canvassing Board","Canvassing Board","Deputy Chief Clerk","Page -1 of 1"
,,"Statement and Return Report

for Certification



Primary Election 2026 - 06/23/2026


Bronx County
 - 
Democratic Party




Democratic Representative in Congress


14th Congressional District


Vote for 1","Total for Democratic Representative in Congress (14th Congressional District) - Bronx County","MAGDAMARY MARCANO (Write-In)",1,,,,,,,"Total Votes","14,438","Unrecorded",412,,,"We certify this statement to be correct, and have caused the same to be attested by the signatures of the members of the board, or a majority thereof, on Tuesday, July 14, 2026.","Secretary","Chairman","Deputy Chief Clerk","Canvassing Board","Canvassing Board","Deputy Chief Clerk","Page -1 of 1"
,,"Statement and Return Report

for Certification



Primary Election 2026 - 06/23/2026


Bronx County
 - 
Democratic Party




Democratic Representative in Congress


14th Congressional District


Vote for 1","Total for Democratic Representative in Congress (14th Congressional District) - Bronx County","MARK GIJONAJ (Write-In)",1,,,,,,,"Total Votes","14,438","Unrecorded",412,,,"We certify this statement to be correct, and have caused the same to be attested by the signatures of the members of the board, or a majority thereof, on Tuesday, July 14, 2026.","Secretary","Chairman","Deputy Chief Clerk","Canvassing Board","Canvassing Board","Deputy Chief Clerk","Page -1 of 1"
,,"Statement and Return Report

for Certification



Primary Election 2026 - 06/23/2026


Bronx County
 - 
Democratic Party




Democratic Representative in Congress


14th Congressional District


Vote for 1","Total for Democratic Representative in Congress (14th Congressional District) - Bronx County","MARTY BADONSKY (Write-In)",1,,,,,,,"Total Votes","14,438","Unrecorded",412,,,"We certify this statement to be correct, and have caused the same to be attested by the signatures of the members of the board, or a majority thereof, on Tuesday, July 14, 2026.","Secretary","Chairman","Deputy Chief Clerk","Canvassing Board","Canvassing Board","Deputy Chief Clerk","Page -1 of 1"
,,"Statement and Return Report

for Certification



Primary Election 2026 - 06/23/2026


Bronx County
 - 
Democratic Party




Democratic Representative in Congress


14th Congressional District


Vote for 1","Total for Democratic Representative in Congress (14th Congressional District) - Bronx County","MARTY DOLAN (Write-In)",1,,,,,,,"Total Votes","14,438","Unrecorded",412,,,"We certify this statement to be correct, and have caused the same to be attested by the signatures of the members of the board, or a majority thereof, on Tuesday, July 14, 2026.","Secretary","Chairman","Deputy Chief Clerk","Canvassing Board","Canvassing Board","Deputy Chief Clerk","Page -1 of 1"
,,"Statement and Return Report

for Certification



Primary Election 2026 - 06/23/2026


Bronx County
 - 
Democratic Party




Democratic Representative in Congress


14th Congressional District


Vote for 1","Total for Democratic Representative in Congress (14th Congressional District) - Bronx County","MICHAEL BLAKE (Write-In)",2,,,,,,,"Total Votes","14,438","Unrecorded",412,,,"We certify this statement to be correct, and have caused the same to be attested by the signatures of the members of the board, or a majority thereof, on Tuesday, July 14, 2026.","Secretary","Chairman","Deputy Chief Clerk","Canvassing Board","Canvassing Board","Deputy Chief Clerk","Page -1 of 1"
,,"Statement and Return Report

for Certification



Primary Election 2026 - 06/23/2026


Bronx County
 - 
Democratic Party




Democratic Representative in Congress


14th Congressional District


Vote for 1","Total for Democratic Representative in Congress (14th Congressional District) - Bronx County","NOEEM FOLANIGO (Write-In)",1,,,,,,,"Total Votes","14,438","Unrecorded",412,,,"We certify this statement to be correct, and have caused the same to be attested by the signatures of the members of the board, or a majority thereof, on Tuesday, July 14, 2026.","Secretary","Chairman","Deputy Chief Clerk","Canvassing Board","Canvassing Board","Deputy Chief Clerk","Page -1 of 1"
,,"Statement and Return Report

for Certification



Primary Election 2026 - 06/23/2026


Bronx County
 - 
Democratic Party




Democratic Representative in Congress


14th Congressional District


Vote for 1","Total for Democratic Representative in Congress (14th Congressional District) - Bronx County","RAZINES REYES (Write-In)",1,,,,,,,"Total Votes","14,438","Unrecorded",412,,,"We certify this statement to be correct, and have caused the same to be attested by the signatures of the members of the board, or a majority thereof, on Tuesday, July 14, 2026.","Secretary","Chairman","Deputy Chief Clerk","Canvassing Board","Canvassing Board","Deputy Chief Clerk","Page -1 of 1"
,,"Statement and Return Report

for Certification



Primary Election 2026 - 06/23/2026


Bronx County
 - 
Democratic Party




Democratic Representative in Congress


14th Congressional District


Vote for 1","Total for Democratic Representative in Congress (14th Congressional District) - Bronx County","RITCHIE TORRES (Write-In)",4,,,,,,,"Total Votes","14,438","Unrecorded",412,,,"We certify this statement to be correct, and have caused the same to be attested by the signatures of the members of the board, or a majority thereof, on Tuesday, July 14, 2026.","Secretary","Chairman","Deputy Chief Clerk","Canvassing Board","Canvassing Board","Deputy Chief Clerk","Page -1 of 1"
,,"Statement and Return Report

for Certification



Primary Election 2026 - 06/23/2026


Bronx County
 - 
Democratic Party




Democratic Representative in Congress


14th Congressional District


Vote for 1","Total for Democratic Representative in Congress (14th Congressional District) - Bronx County","ROSE SCOTT (Write-In)",1,,,,,,,"Total Votes","14,438","Unrecorded",412,,,"We certify this statement to be correct, and have caused the same to be attested by the signatures of the members of the board, or a majority thereof, on Tuesday, July 14, 2026.","Secretary","Chairman","Deputy Chief Clerk","Canvassing Board","Canvassing Board","Deputy Chief Clerk","Page -1 of 1"
,,"Statement and Return Report

for Certification



Primary Election 2026 - 06/23/2026


Bronx County
 - 
Democratic Party




Democratic Representative in Congress


14th Congressional District


Vote for 1","Total for Democratic Representative in Congress (14th Congressional District) - Bronx County","SPENCER PRATT (Write-In)",1,,,,,,,"Total Votes","14,438","Unrecorded",412,,,"We certify this statement to be correct, and have caused the same to be attested by the signatures of the members of the board, or a majority thereof, on Tuesday, July 14, 2026.","Secretary","Chairman","Deputy Chief Clerk","Canvassing Board","Canvassing Board","Deputy Chief Clerk","Page -1 of 1"
,,"Statement and Return Report

for Certification



Primary Election 2026 - 06/23/2026


Bronx County
 - 
Democratic Party




Democratic Representative in Congress


14th Congressional District


Vote for 1","Total for Democratic Representative in Congress (14th Congressional District) - Bronx County","STEVEN RIVERA (Write-In)",1,,,,,,,"Total Votes","14,438","Unrecorded",412,,,"We certify this statement to be correct, and have caused the same to be attested by the signatures of the members of the board, or a majority thereof, on Tuesday, July 14, 2026.","Secretary","Chairman","Deputy Chief Clerk","Canvassing Board","Canvassing Board","Deputy Chief Clerk","Page -1 of 1"
,,"Statement and Return Report

for Certification



Primary Election 2026 - 06/23/2026


Bronx County
 - 
Democratic Party




Democratic Representative in Congress


14th Congressional District


Vote for 1","Total for Democratic Representative in Congress (14th Congressional District) - Bronx County","UNATTRIBUTABLE WRITE-IN (Write-In)",26,,,,,,,"Total Votes","14,438","Unrecorded",412,,,"We certify this statement to be correct, and have caused the same to be attested by the signatures of the members of the board, or a majority thereof, on Tuesday, July 14, 2026.","Secretary","Chairman","Deputy Chief Clerk","Canvassing Board","Canvassing Board","Deputy Chief Clerk","Page -1 of 1"
,,"Statement and Return Report

for Certification



Primary Election 2026 - 06/23/2026


Bronx County
 - 
Democratic Party




Democratic Representative in Congress


14th Congressional District


Vote for 1","Total for Democratic Representative in Congress (14th Congressional District) - Bronx County","ZAKIR CHOWDHURY (Write-In)",2,,,,,,,"Total Votes","14,438","Unrecorded",412,,,"We certify this statement to be correct, and have caused the same to be attested by the signatures of the members of the board, or a majority thereof, on Tuesday, July 14, 2026.","Secretary","Chairman","Deputy Chief Clerk","Canvassing Board","Canvassing Board","Deputy Chief Clerk","Page -1 of 1"
